-----------------------------------------------------------------------------------------------------------------------------------------
|                                                              ListGroups                                                               |
+---------------------------------------------------------------------------------------------------------------------------------------+
||                                                               Groups                                                                ||
|+-----------------------------------------------------+-----------------------+------------------------+---------------------+--------+|
||                         Arn                         |      CreateDate       |        GroupId         |      GroupName      | Path   ||
|+-----------------------------------------------------+-----------------------+------------------------+---------------------+--------+|
||  arn:aws:iam::539355717448:group/Amazon_Textract    |  2020-09-29T06:51:53Z |  AGPAX3FA3D5EG46MQAO2W |  Amazon_Textract    |  /     ||
||  arn:aws:iam::539355717448:group/App9-music-app-poc |  2020-08-07T08:18:32Z |  AGPAX3FA3D5EMI7IBZM4E |  App9-music-app-poc |  /     ||
||  arn:aws:iam::539355717448:group/awsbills           |  2016-11-22T07:00:41Z |  AGPAIDQQZ7VCZZA6L3QOO |  awsbills           |  /     ||
||  arn:aws:iam::539355717448:group/AWSSupport_Ticket  |  2021-08-17T07:18:00Z |  AGPAX3FA3D5EFX2BHJC3R |  AWSSupport_Ticket  |  /     ||
||  arn:aws:iam::539355717448:group/coclfmis3          |  2017-10-14T16:47:31Z |  AGPAIY3UFOZ66BJANWJW2 |  coclfmis3          |  /     ||
||  arn:aws:iam::539355717448:group/dev9stars          |  2017-09-06T09:59:19Z |  AGPAJZAZXBZYNGMY3ZOL2 |  dev9stars          |  /     ||
||  arn:aws:iam::539355717448:group/docker-group       |  2019-03-14T12:58:19Z |  AGPAJUNNUTBMF3WQLIQIE |  docker-group       |  /     ||
||  arn:aws:iam::539355717448:group/loccul             |  2017-02-15T18:36:02Z |  AGPAI4BRZFAVMPB5L2NBM |  loccul             |  /     ||
||  arn:aws:iam::539355717448:group/luxamour-access    |  2017-10-05T11:58:25Z |  AGPAJHU6URYQNDNMMJ7RK |  luxamour-access    |  /     ||
||  arn:aws:iam::539355717448:group/markettable        |  2019-01-08T12:56:36Z |  AGPAJQMLTDBMROYK5MQOE |  markettable        |  /     ||
||  arn:aws:iam::539355717448:group/newbase-9stars     |  2017-08-29T10:43:39Z |  AGPAI6RDUEUU5EPDVG3S2 |  newbase-9stars     |  /     ||
||  arn:aws:iam::539355717448:group/ninestarswebsite   |  2017-02-23T14:41:31Z |  AGPAIWYQJP3BLHMV275GQ |  ninestarswebsite   |  /     ||
||  arn:aws:iam::539355717448:group/nlaecw             |  2018-08-06T07:17:43Z |  AGPAIJNVUSTOKX7QFI2FU |  nlaecw             |  /     ||
||  arn:aws:iam::539355717448:group/optimus9           |  2020-01-02T08:02:16Z |  AGPAX3FA3D5EHXSGC6FUL |  optimus9           |  /     ||
||  arn:aws:iam::539355717448:group/plasticwater       |  2018-04-03T08:22:20Z |  AGPAIPUCHXYGOFTYWY4HI |  plasticwater       |  /     ||
||  arn:aws:iam::539355717448:group/rimadmins          |  2017-10-06T07:30:22Z |  AGPAJMRQK3V5ELM7MDOKC |  rimadmins          |  /     ||
||  arn:aws:iam::539355717448:group/Rimec2read         |  2021-09-23T05:49:33Z |  AGPAX3FA3D5EP4NDVA3OO |  Rimec2read         |  /     ||
||  arn:aws:iam::539355717448:group/Rimec2write        |  2021-09-23T05:51:28Z |  AGPAX3FA3D5EF4OBL34YR |  Rimec2write        |  /     ||
||  arn:aws:iam::539355717448:group/rimusers           |  2017-10-06T07:49:40Z |  AGPAJTNXO5JRY3HZSHK5S |  rimusers           |  /     ||
||  arn:aws:iam::539355717448:group/Rim_Admin_USER     |  2021-10-08T13:31:08Z |  AGPAX3FA3D5ECLXHKVKLS |  Rim_Admin_USER     |  /     ||
||  arn:aws:iam::539355717448:group/Rim_Devops_Admin   |  2021-11-15T09:46:04Z |  AGPAX3FA3D5EL4G2LYHMP |  Rim_Devops_Admin   |  /     ||
||  arn:aws:iam::539355717448:group/Rim_ReadOnly_USER  |  2021-10-11T13:46:16Z |  AGPAX3FA3D5EED67CCWJE |  Rim_ReadOnly_USER  |  /     ||
||  arn:aws:iam::539355717448:group/RIM_Super_USER     |  2021-10-11T11:47:18Z |  AGPAX3FA3D5EOYKRQ6Y5M |  RIM_Super_USER     |  /     ||
||  arn:aws:iam::539355717448:group/rpm-customer       |  2017-11-02T07:08:02Z |  AGPAIQ6N4GP7PX6QX3AFQ |  rpm-customer       |  /     ||
||  arn:aws:iam::539355717448:group/stg-gateway        |  2016-11-24T08:08:38Z |  AGPAJMS7IB3FVOIB4FNLU |  stg-gateway        |  /     ||
||  arn:aws:iam::539355717448:group/techops            |  2017-10-19T10:41:16Z |  AGPAIL57YF6SSJUI2PHEQ |  techops            |  /     ||
|+-----------------------------------------------------+-----------------------+------------------------+---------------------+--------+|
