ami-06f59900bf558d83c	21a18e41-8cc1-4aeb-b43e-06f2678fe386.d83d0782-cb94-46d7-8993-f4ce15d1a484.DC0001
ami-098f9218ed956cfdb	979edcd2-1dcf-4885-91e3-9d8820dc9d27.a5997898-cf81-4853-90a2-5d7abfeb2740.DC0001
ami-62645330	bitnami-elasticsearch-1.4.3-0-linux-ubuntu-14.04.1-x86_64-hvm-ebs-mp-5868b990-b461-4439-ace6-397670336b1c-ami-fcc98294.2
ami-b46859e6	bitnami-elasticsearch-1.4.4-0-linux-ubuntu-14.04.1-x86_64-hvm-ebs-mp-5868b990-b461-4439-ace6-397670336b1c-ami-0ca7f464.2
ami-cab18e98	bitnami-elasticsearch-1.5.2-0-linux-ubuntu-14.04.1-x86_64-hvm-ebs-mp-5868b990-b461-4439-ace6-397670336b1c-ami-ac4a5fc4.2
ami-6ee8d33c	bitnami-elasticsearch-1.5.2-1-linux-ubuntu-14.04.1-x86_64-hvm-ebs-mp-5868b990-b461-4439-ace6-397670336b1c-ami-e3ec0c88.2
ami-28cecd7a	bitnami-elasticsearch-1.6.0-1-linux-ubuntu-14.04.1-x86_64-hvm-ebs-mp-5868b990-b461-4439-ace6-397670336b1c-ami-5d1ed636.2
ami-34808266	bitnami-elasticsearch-1.7.0-0-linux-ubuntu-14.04.1-x86_64-hvm-ebs-mp-5868b990-b461-4439-ace6-397670336b1c-ami-abb667c0.2
ami-86d7d8d4	bitnami-elasticsearch-1.7.1-0-linux-ubuntu-14.04.1-x86_64-hvm-ebs-mp-5868b990-b461-4439-ace6-397670336b1c-ami-0b02a360.2
ami-6a9a8d38	bitnami-elasticsearch-1.7.2-0-linux-ubuntu-14.04.1-x86_64-hvm-ebs-mp-5868b990-b461-4439-ace6-397670336b1c-ami-7f730f1a.2
ami-bf589fdc	bitnami-elasticsearch-1.7.3-1-linux-ubuntu-14.04.1-x86_64-hvm-ebs-mp-5868b990-b461-4439-ace6-397670336b1c-ami-87712ce2.2
ami-0ec3026d	bitnami-elasticsearch-1.7.3-2-linux-ubuntu-14.04.1-x86_64-hvm-ebs-mp-5868b990-b461-4439-ace6-397670336b1c-ami-35add75f.3
ami-56b57635	bitnami-elasticsearch-2.1.0-0-linux-ubuntu-14.04.1-x86_64-hvm-ebs-mp-5868b990-b461-4439-ace6-397670336b1c-ami-f4b6f49e.3
ami-2b509c48	bitnami-elasticsearch-2.1.1-0-r02-linux-ubuntu-14.04.3-x86_64-hvm-ebs-mp-5868b990-b461-4439-ace6-397670336b1c-ami-f12e089b.3
ami-40fb3223	bitnami-elasticsearch-2.2.0-0-linux-ubuntu-14.04.3-x86_64-hvm-ebs-mp-5868b990-b461-4439-ace6-397670336b1c-ami-68467702.3
ami-18ca177b	bitnami-elasticsearch-2.3.3-0-linux-ubuntu-14.04.3-x86_64-hvm-ebs-mp-5868b990-b461-4439-ace6-397670336b1c-ami-2c01f341.3
ami-24ce1147	bitnami-elasticsearch-2.3.4-0-r15-linux-ubuntu-14.04.3-x86_64-hvm-ebs-mp-5868b990-b461-4439-ace6-397670336b1c-ami-df1b92c8.3
ami-5ad00839	bitnami-elasticsearch-2.3.5-1-r17-linux-ubuntu-14.04.3-x86_64-hvm-ebs-mp-5868b990-b461-4439-ace6-397670336b1c-ami-45422752.3
ami-6c548f0f	bitnami-elasticsearch-2.4.0-0-r21-linux-ubuntu-14.04.3-x86_64-hvm-ebs-mp-5868b990-b461-4439-ace6-397670336b1c-ami-f6483de1.3
ami-2859f84b	bitnami-elasticsearch-2.4.1-1-r27-linux-ubuntu-14.04.3-x86_64-hvm-ebs-mp-5868b990-b461-4439-ace6-397670336b1c-ami-f5174be2.3
ami-18aa027b	bitnami-elasticsearch-2.4.1-1-r28-linux-ubuntu-14.04.3-x86_64-hvm-ebs-mp-5868b990-b461-4439-ace6-397670336b1c-ami-66f8a171.3
ami-f10cb192	bitnami-elasticsearch-5.2.2-0-linux-ubuntu-14.04.3-x86_64-hvm-ebs-mp-5868b990-b461-4439-ace6-397670336b1c-ami-6ba90f7d.4
ami-1e0e8a7d	bitnami-elasticsearch-5.4.0-0-linux-ubuntu-14.04.3-x86_64-hvm-ebs-mp-5868b990-b461-4439-ace6-397670336b1c-ami-aff79db9.4
ami-ceab3cad	bitnami-elasticsearch-5.4.3-0-linux-ubuntu-14.04-x86_64-hvm-ebs-mp-5868b990-b461-4439-ace6-397670336b1c-ami-41310a57.4
ami-c36e1ba0	bitnami-elasticsearch-5.5.2-0-linux-ubuntu-14.04-x86_64-hvm-ebs-mp-5868b990-b461-4439-ace6-397670336b1c-ami-96023ded.4
ami-0b1c7077	bitnami-elasticsearch-6.0.1-0-linux-ubuntu-14.04-x86_64-hvm-ebs-mp-5868b990-b461-4439-ace6-397670336b1c-ami-fecfaf84.4
ami-a0ec97dc	bitnami-elasticsearch-6.1.2-0-r02-linux-ubuntu-16.04-x86_64-hvm-ebs-mp-5868b990-b461-4439-ace6-397670336b1c-ami-7bd4e401.4
ami-6d9aca11	bitnami-elasticsearch-6.2.2-0-r08-linux-ubuntu-16.04-x86_64-hvm-ebs-5868b990-b461-4439-ace6-397670336b1c-ami-0d16d3da2679ff60a.4
ami-d77856ab	bitnami-elasticsearch-6.2.3-0-r11-linux-ubuntu-16.04-x86_64-hvm-ebs-5868b990-b461-4439-ace6-397670336b1c-ami-09b09a5220c5d82ff.4
ami-c63905ba	bitnami-elasticsearch-6.2.4-0-r30-linux-ubuntu-16.04-x86_64-hvm-ebs-5868b990-b461-4439-ace6-397670336b1c-ami-0bee992f7300cf63b.4
ami-7b651d91	bitnami-elasticsearch-6.3.0-0-linux-ubuntu-16.04-x86_64-hvm-ebs-mp-5868b990-b461-4439-ace6-397670336b1c-ami-038c68a5e1aeda6d2.4
ami-09e668bb2262d3ec0	bitnami-elasticsearch-6.3.2-0-r35-linux-ubuntu-16.04-x86_64-hvm-ebs-5868b990-b461-4439-ace6-397670336b1c-ami-02ad2f637888d2539.4
ami-08ebb40940f5a1a3d	bitnami-elasticsearch-6.4.0-1-linux-ubuntu-16.04-x86_64-hvm-ebs-mp-5868b990-b461-4439-ace6-397670336b1c-ami-078520e97ff80373c.4
ami-0fd71095c59197537	bitnami-elasticsearch-6.4.2-0-r40-linux-ubuntu-16.04-x86_64-hvm-ebs-5868b990-b461-4439-ace6-397670336b1c-ami-099bd4c90331afef5.4
ami-0d64a3b635bce24aa	bitnami-elasticsearch-6.5.1-0-linux-ubuntu-16.04-x86_64-hvm-ebs-mp-5868b990-b461-4439-ace6-397670336b1c-ami-0c8f7ecf7ea6e3e05.4
ami-0bb9cc2c069aef77b	bitnami-elasticsearch-6.5.4-1-r01-linux-ubuntu-16.04-x86_64-hvm-ebs-5868b990-b461-4439-ace6-397670336b1c-ami-082c7a9bb26dac62f.4
ami-0bf232800ed2fdd48	bitnami-elasticsearch-6.6.0-0-linux-ubuntu-16.04-x86_64-hvm-ebs-mp-5868b990-b461-4439-ace6-397670336b1c-ami-018c30d6129dbee93.4
ami-071cbdc2c1550e068	bitnami-elasticsearch-6.6.1-0-linux-ubuntu-16.04-x86_64-hvm-ebs-mp-5868b990-b461-4439-ace6-397670336b1c-ami-00d67e54556adeb5a.4
ami-0a6741ecb42e499f9	bitnami-elasticsearch-6.7.0-0-linux-ubuntu-16.04-x86_64-hvm-ebs-mp-5868b990-b461-4439-ace6-397670336b1c-ami-015ade6ee388d4116.4
ami-0a972014400e02ce4	bitnami-elasticsearch-6.7.1-1-linux-ubuntu-16.04-x86_64-hvm-ebs-mp-5868b990-b461-4439-ace6-397670336b1c-ami-0b957502e3adde450.4
ami-08438670aadd109fb	bitnami-elasticsearch-6.8.19-0-linux-debian-10-x86_64-hvm-ebs-nami-5868b990-b461-4439-ace6-397670336b1c
ami-012122655a2e3837e	bitnami-elasticsearch-6.8.20-1-linux-debian-10-x86_64-hvm-ebs-nami-5868b990-b461-4439-ace6-397670336b1c
ami-071dab75589384aa1	bitnami-elasticsearch-6.8.20-5-r01-linux-debian-10-x86_64-hvm-ebs-nami-5868b990-b461-4439-ace6-397670336b1c
ami-04a511b1cfb2793dd	bitnami-elasticsearch-6.8.20-6-r02-linux-debian-10-x86_64-hvm-ebs-nami-5868b990-b461-4439-ace6-397670336b1c
ami-0abc59bfd3f21997a	bitnami-elasticsearch-7.0.1-0-linux-ubuntu-16.04-x86_64-hvm-ebs-mp-5868b990-b461-4439-ace6-397670336b1c-ami-0f3bb4b715b59971c.4
ami-0c14ae2171aaf195e	bitnami-elasticsearch-7.0.1-0-r50-linux-ubuntu-16.04-x86_64-hvm-ebs-5868b990-b461-4439-ace6-397670336b1c-ami-08ba4257f029b726a.4
ami-0193b840d630faea7	bitnami-elasticsearch-7.10.2-1-r05-linux-debian-10-x86_64-hvm-ebs-nami-5868b990-b461-4439-ace6-397670336b1c
ami-0e7723790e17475ee	bitnami-elasticsearch-7.1.1-0-linux-ubuntu-16.04-x86_64-hvm-ebs-mp-5868b990-b461-4439-ace6-397670336b1c-ami-05604055450a8165b.4
ami-03d931d653adaccbf	bitnami-elasticsearch-7.1.1-0-r56-linux-ubuntu-16.04-x86_64-hvm-ebs-5868b990-b461-4439-ace6-397670336b1c-ami-0b8c044c6c168e840.4
ami-0a7ae8bde755e2790	bitnami-elasticsearch-7.12.1-0-linux-debian-10-x86_64-hvm-ebs-nami-5868b990-b461-4439-ace6-397670336b1c
ami-0c6ae6ca997b27a0e	bitnami-elasticsearch-7.12.1-1-r01-linux-debian-10-x86_64-hvm-ebs-nami-5868b990-b461-4439-ace6-397670336b1c
ami-0d15ce654c8e4ca9d	bitnami-elasticsearch-7.12.1-2-r02-linux-debian-10-x86_64-hvm-ebs-nami-5868b990-b461-4439-ace6-397670336b1c
ami-0699911f2fcfa6a5c	bitnami-elasticsearch-7.13.0-0-linux-debian-10-x86_64-hvm-ebs-nami-5868b990-b461-4439-ace6-397670336b1c
ami-0b0999dc0e34e648a	bitnami-elasticsearch-7.13.1-0-linux-debian-10-x86_64-hvm-ebs-nami-5868b990-b461-4439-ace6-397670336b1c
ami-01f77b90e8ed3c276	bitnami-elasticsearch-7.13.2-0-linux-debian-10-x86_64-hvm-ebs-nami-5868b990-b461-4439-ace6-397670336b1c
ami-09e15b0d9cea3eee2	bitnami-elasticsearch-7.13.2-0-r02-linux-debian-10-x86_64-hvm-ebs-nami-5868b990-b461-4439-ace6-397670336b1c
ami-05a97e4c0f79a5b3f	bitnami-elasticsearch-7.13.3-0-linux-debian-10-x86_64-hvm-ebs-nami-5868b990-b461-4439-ace6-397670336b1c
ami-0c3089722c2242d6a	bitnami-elasticsearch-7.13.4-0-linux-debian-10-x86_64-hvm-ebs-nami-5868b990-b461-4439-ace6-397670336b1c
ami-052db64bda958de03	bitnami-elasticsearch-7.13.4-0-r70-linux-debian-10-x86_64-hvm-ebs-nami-5868b990-b461-4439-ace6-397670336b1c
ami-0c999b33c753aed42	bitnami-elasticsearch-7.14.0-0-linux-debian-10-x86_64-hvm-ebs-nami-5868b990-b461-4439-ace6-397670336b1c
ami-07850cb70901637fc	bitnami-elasticsearch-7.14.0-2-r01-linux-debian-10-x86_64-hvm-ebs-nami-5868b990-b461-4439-ace6-397670336b1c
ami-027fccbec13c04a41	bitnami-elasticsearch-7.14.1-0-linux-debian-10-x86_64-hvm-ebs-nami-5868b990-b461-4439-ace6-397670336b1c
ami-0bc51f60564cfc109	bitnami-elasticsearch-7.14.1-1-r01-linux-debian-10-x86_64-hvm-ebs-nami-5868b990-b461-4439-ace6-397670336b1c
ami-0377c09bf1472f912	bitnami-elasticsearch-7.14.2-2-linux-debian-10-x86_64-hvm-ebs-nami-5868b990-b461-4439-ace6-397670336b1c
ami-009b98f5bd3e526be	bitnami-elasticsearch-7.15.0-2-linux-debian-10-x86_64-hvm-ebs-nami-5868b990-b461-4439-ace6-397670336b1c
ami-0d88e16705f874595	bitnami-elasticsearch-7.15.1-3-linux-debian-10-x86_64-hvm-ebs-nami-5868b990-b461-4439-ace6-397670336b1c
ami-052d631c28a680941	bitnami-elasticsearch-7.15.2-1-linux-debian-10-x86_64-hvm-ebs-nami-5868b990-b461-4439-ace6-397670336b1c
ami-002185c394384c3f3	bitnami-elasticsearch-7.15.2-6-r01-linux-debian-10-x86_64-hvm-ebs-nami-5868b990-b461-4439-ace6-397670336b1c
ami-027548c4f911ddf64	bitnami-elasticsearch-7.15.2-7-r02-linux-debian-10-x86_64-hvm-ebs-nami-5868b990-b461-4439-ace6-397670336b1c
ami-0d2012e3db44ce9d7	bitnami-elasticsearch-7.16.0-5-linux-debian-10-x86_64-hvm-ebs-nami-5868b990-b461-4439-ace6-397670336b1c
ami-049e51f06d1e372cc	bitnami-elasticsearch-7.2.0-6-linux-ubuntu-16.04-x86_64-hvm-ebs-mp-5868b990-b461-4439-ace6-397670336b1c-ami-08331a912c2d457e9.4
ami-36b29564	bitnami-jenkins-1.582-0-linux-ubuntu-14.04.1-x86_64-hvm-ebs-mp-447af561-b7e2-4d03-8a67-4842db5439cb-ami-ce64d5a6.2
ami-855e73d7	bitnami-jenkins-1.587-0-linux-ubuntu-14.04.1-x86_64-hvm-ebs-mp-447af561-b7e2-4d03-8a67-4842db5439cb-ami-5236b43a.2
ami-74b89326	bitnami-jenkins-1.597-0-linux-ubuntu-14.04.1-x86_64-hvm-ebs-mp-447af561-b7e2-4d03-8a67-4842db5439cb-ami-fed2ab96.2
ami-e06651b2	bitnami-jenkins-1.598-0-linux-ubuntu-14.04.1-x86_64-hvm-ebs-mp-447af561-b7e2-4d03-8a67-4842db5439cb-ami-2e642146.2
ami-10536242	bitnami-jenkins-1.601-0-linux-ubuntu-14.04.1-x86_64-hvm-ebs-mp-447af561-b7e2-4d03-8a67-4842db5439cb-ami-f6dc849e.2
ami-52c7fa00	bitnami-jenkins-1.609-0-linux-ubuntu-14.04.1-x86_64-hvm-ebs-mp-447af561-b7e2-4d03-8a67-4842db5439cb-ami-0894ac60.2
ami-1cb28d4e	bitnami-jenkins-1.612-0-linux-ubuntu-14.04.1-x86_64-hvm-ebs-mp-447af561-b7e2-4d03-8a67-4842db5439cb-ami-8a4a5ee2.2
ami-6eead13c	bitnami-jenkins-1.614-0-linux-ubuntu-14.04.1-x86_64-hvm-ebs-mp-447af561-b7e2-4d03-8a67-4842db5439cb-ami-8c405ae4.2
ami-724e4a20	bitnami-jenkins-1.617-0-linux-ubuntu-14.04.1-x86_64-hvm-ebs-mp-447af561-b7e2-4d03-8a67-4842db5439cb-ami-a1c336ca.2
ami-60c8cb32	bitnami-jenkins-1.619-1-linux-ubuntu-14.04.1-x86_64-hvm-ebs-mp-447af561-b7e2-4d03-8a67-4842db5439cb-ami-f90ac292.2
ami-ce82809c	bitnami-jenkins-1.620-0-linux-ubuntu-14.04.1-x86_64-hvm-ebs-mp-447af561-b7e2-4d03-8a67-4842db5439cb-ami-f3ae7a98.2
ami-28c4c87a	bitnami-jenkins-1.622-0-linux-ubuntu-14.04.1-x86_64-hvm-ebs-mp-447af561-b7e2-4d03-8a67-4842db5439cb-ami-2b588240.2
ami-f8d5daaa	bitnami-jenkins-1.623-0-linux-ubuntu-14.04.1-x86_64-hvm-ebs-mp-447af561-b7e2-4d03-8a67-4842db5439cb-ami-f7dd7e9c.2
ami-e4969db6	bitnami-jenkins-1.625-0-linux-ubuntu-14.04.1-x86_64-hvm-ebs-mp-447af561-b7e2-4d03-8a67-4842db5439cb-ami-0749fa6c.2
ami-d2312180	bitnami-jenkins-1.632-0-linux-ubuntu-14.04.1-x86_64-hvm-ebs-mp-447af561-b7e2-4d03-8a67-4842db5439cb-ami-999fd7fc.2
ami-a0589fc3	bitnami-jenkins-1.635-1-linux-ubuntu-14.04.1-x86_64-hvm-ebs-mp-447af561-b7e2-4d03-8a67-4842db5439cb-ami-e7c9b98d.2
ami-8ebf7eed	bitnami-jenkins-1.638-1-linux-ubuntu-14.04.1-x86_64-hvm-ebs-mp-447af561-b7e2-4d03-8a67-4842db5439cb-ami-06a4de6c.3
ami-a2b774c1	bitnami-jenkins-1.639-0-linux-ubuntu-14.04.3-x86_64-hvm-ebs-mp-447af561-b7e2-4d03-8a67-4842db5439cb-ami-beedafd4.3
ami-08509c6b	bitnami-jenkins-1.644-1-r02-linux-ubuntu-14.04.3-x86_64-hvm-ebs-mp-447af561-b7e2-4d03-8a67-4842db5439cb-ami-2f2f0945.3
ami-0df9376e	bitnami-jenkins-1.647-0-linux-ubuntu-14.04.3-x86_64-hvm-ebs-mp-447af561-b7e2-4d03-8a67-4842db5439cb-ami-3ee2cb54.3
ami-7bf93018	bitnami-jenkins-1.647-1-r04-linux-ubuntu-14.04.3-x86_64-hvm-ebs-mp-447af561-b7e2-4d03-8a67-4842db5439cb-ami-d493a2be.3
ami-99fc34fa	bitnami-jenkins-1.650-0-linux-ubuntu-14.04.3-x86_64-hvm-ebs-mp-447af561-b7e2-4d03-8a67-4842db5439cb-ami-eaa19e80.3
ami-e3e03580	bitnami-jenkins-1.655-0-linux-ubuntu-14.04.3-x86_64-hvm-ebs-mp-447af561-b7e2-4d03-8a67-4842db5439cb-ami-f9c3cb93.3
ami-bbba6cd8	bitnami-jenkins-1.658-0-linux-ubuntu-14.04.3-x86_64-hvm-ebs-mp-447af561-b7e2-4d03-8a67-4842db5439cb-ami-ca49afa7.3
ami-f1d60992	bitnami-jenkins-1.658-0-r15-linux-ubuntu-14.04.3-x86_64-hvm-ebs-mp-447af561-b7e2-4d03-8a67-4842db5439cb-ami-9819908f.3
ami-b0dc04d3	bitnami-jenkins-1.658-1-r17-linux-ubuntu-14.04.3-x86_64-hvm-ebs-mp-447af561-b7e2-4d03-8a67-4842db5439cb-ami-41422756.3
ami-bc558edf	bitnami-jenkins-1.658-1-r21-linux-ubuntu-14.04.3-x86_64-hvm-ebs-mp-447af561-b7e2-4d03-8a67-4842db5439cb-ami-72493c65.3
ami-da52f3b9	bitnami-jenkins-1.658-4-r27-linux-ubuntu-14.04.3-x86_64-hvm-ebs-mp-447af561-b7e2-4d03-8a67-4842db5439cb-ami-ebf9aafc.3
ami-ff654b83	bitnami-jenkins-2.107.2-0-linux-ubuntu-16.04-x86_64-hvm-ebs-mp-447af561-b7e2-4d03-8a67-4842db5439cb-ami-0a5c939cc2680747e.4
ami-daae96a6	bitnami-jenkins-2.107.3-1-linux-ubuntu-16.04-x86_64-hvm-ebs-mp-447af561-b7e2-4d03-8a67-4842db5439cb-ami-078aecf1321b622ff.4
ami-8f5d2565	bitnami-jenkins-2.121.1-0-linux-ubuntu-16.04-x86_64-hvm-ebs-mp-447af561-b7e2-4d03-8a67-4842db5439cb-ami-0965ee0212c364685.4
ami-7f9ed995	bitnami-jenkins-2.121.2-0-linux-ubuntu-16.04-x86_64-hvm-ebs-mp-447af561-b7e2-4d03-8a67-4842db5439cb-ami-0900faa9b046e1612.4
ami-0a12d07fba6cdb990	bitnami-jenkins-2.121.2-1-r35-linux-ubuntu-16.04-x86_64-hvm-ebs-mp-447af561-b7e2-4d03-8a67-4842db5439cb-ami-0e034c33fc230393c.4
ami-05839d61aa77e9364	bitnami-jenkins-2.138.3-0-linux-ubuntu-16.04-x86_64-hvm-ebs-mp-447af561-b7e2-4d03-8a67-4842db5439cb-ami-0a494e022b2326a4e.4
ami-0518b85ef9b9ad99d	bitnami-jenkins-2.150.2-0-linux-ubuntu-16.04-x86_64-hvm-ebs-mp-447af561-b7e2-4d03-8a67-4842db5439cb-ami-061af2abec3df69df.4
ami-0d57c3a3872630585	bitnami-jenkins-2.164.1-0-linux-ubuntu-16.04-x86_64-hvm-ebs-mp-447af561-b7e2-4d03-8a67-4842db5439cb-ami-0015e70d4616c12be.4
ami-0c1524a357aa5cd9b	bitnami-jenkins-2.164.2-0-linux-ubuntu-16.04-x86_64-hvm-ebs-mp-447af561-b7e2-4d03-8a67-4842db5439cb-ami-008c8678c3eb8ee51.4
ami-0e813fc2c3e019362	bitnami-jenkins-2.164.3-0-r50-linux-ubuntu-16.04-x86_64-hvm-ebs-mp-447af561-b7e2-4d03-8a67-4842db5439cb-ami-05dfed03241803ad9.4
ami-094053a0efedc9bbe	bitnami-jenkins-2.176.1-0-r56-linux-ubuntu-16.04-x86_64-hvm-ebs-mp-447af561-b7e2-4d03-8a67-4842db5439cb-ami-0193a6cad1eb3019e.4
ami-04f103e6240bd0135	bitnami-jenkins-2.176.2-0-linux-ubuntu-16.04-x86_64-hvm-ebs-mp-447af561-b7e2-4d03-8a67-4842db5439cb-ami-0545c5a5fc0f051b3.4
ami-0fd2e18f8abf1118e	bitnami-jenkins-2.176.3-0-linux-ubuntu-16.04-x86_64-hvm-ebs-mp-447af561-b7e2-4d03-8a67-4842db5439cb-ami-097ae83bafde433b5.4
ami-0952f92f1f91a6f86	bitnami-jenkins-2.176.3-1-linux-ubuntu-16.04-x86_64-hvm-ebs-mp-447af561-b7e2-4d03-8a67-4842db5439cb-ami-0f087b479864cd9ec.4
ami-0584602c9627e8d50	bitnami-jenkins-2.190.1-0-linux-ubuntu-16.04-x86_64-hvm-ebs-mp-447af561-b7e2-4d03-8a67-4842db5439cb-ami-07b12855fdaf7442f.4
ami-08bda594ab9a12bb3	bitnami-jenkins-2.190.2-0-linux-ubuntu-16.04-x86_64-hvm-ebs-mp-447af561-b7e2-4d03-8a67-4842db5439cb-ami-02d17372ab246dff6.4
ami-057fce03525b9285a	bitnami-jenkins-2.190.3-0-linux-ubuntu-16.04-x86_64-hvm-ebs-mp-447af561-b7e2-4d03-8a67-4842db5439cb-ami-00c9607d0c8236986.4
ami-0d19ac21b4fba89e9	bitnami-jenkins-2.190.3-1-linux-ubuntu-16.04-x86_64-hvm-ebs-mp-447af561-b7e2-4d03-8a67-4842db5439cb-ami-0d9da1085accec1d4.4
ami-1da9017e	bitnami-jenkins-2.19.4-0-linux-ubuntu-14.04.3-x86_64-hvm-ebs-mp-447af561-b7e2-4d03-8a67-4842db5439cb-ami-14b5b203.3
ami-01c73dbd86bf67902	bitnami-jenkins-2.204.1-0-linux-ubuntu-16.04-x86_64-hvm-ebs-mp-447af561-b7e2-4d03-8a67-4842db5439cb-ami-0849074addd0e2be2.4
ami-0dfa4c407adc7600f	bitnami-jenkins-2.204.2-0-linux-ubuntu-16.04-x86_64-hvm-ebs-mp-447af561-b7e2-4d03-8a67-4842db5439cb-ami-0946f03a62ae2c079.4
ami-0a4619f06cd711341	bitnami-jenkins-2.204.2-1-linux-ubuntu-16.04-x86_64-hvm-ebs-mp-447af561-b7e2-4d03-8a67-4842db5439cb-ami-05b343366b5d8a858.4
ami-044b8cdaee1fb0057	bitnami-jenkins-2.277.1-2-r01-linux-debian-10-x86_64-hvm-ebs-nami-447af561-b7e2-4d03-8a67-4842db5439cb
ami-b1d86dd2	bitnami-jenkins-2.32.1-2-linux-ubuntu-14.04.3-x86_64-hvm-ebs-mp-447af561-b7e2-4d03-8a67-4842db5439cb-ami-6f937979.3
ami-3a0db059	bitnami-jenkins-2.32.3-0-linux-ubuntu-14.04.3-x86_64-hvm-ebs-mp-447af561-b7e2-4d03-8a67-4842db5439cb-ami-10c26106.4
ami-a3ac16c0	bitnami-jenkins-2.46.2-0-linux-ubuntu-14.04.3-x86_64-hvm-ebs-mp-447af561-b7e2-4d03-8a67-4842db5439cb-ami-3a2a4c2c.4
ami-98ad3afb	bitnami-jenkins-2.46.3-0-linux-ubuntu-14.04-x86_64-hvm-ebs-mp-447af561-b7e2-4d03-8a67-4842db5439cb-ami-6bafff7d.4
ami-a353c4c0	bitnami-jenkins-2.60.1-0-linux-ubuntu-14.04-x86_64-hvm-ebs-mp-447af561-b7e2-4d03-8a67-4842db5439cb-ami-afaba4b9.4
ami-903fa7f3	bitnami-jenkins-2.60.2-1-linux-ubuntu-14.04-x86_64-hvm-ebs-mp-447af561-b7e2-4d03-8a67-4842db5439cb-ami-bb674ec0.4
ami-eb621788	bitnami-jenkins-2.60.3-0-linux-ubuntu-14.04-x86_64-hvm-ebs-mp-447af561-b7e2-4d03-8a67-4842db5439cb-ami-80a29efb.4
ami-4605693a	bitnami-jenkins-2.73.3-0-linux-ubuntu-14.04-x86_64-hvm-ebs-mp-447af561-b7e2-4d03-8a67-4842db5439cb-ami-afb70ad5.4
ami-87e893fb	bitnami-jenkins-2.89.3-2-r02-linux-ubuntu-16.04-x86_64-hvm-ebs-mp-447af561-b7e2-4d03-8a67-4842db5439cb-ami-c39eaeb9.4
ami-13bceb6f	bitnami-jenkins-2.89.4-1-linux-ubuntu-16.04-x86_64-hvm-ebs-mp-447af561-b7e2-4d03-8a67-4842db5439cb-ami-041a0c1f5ca252da3.4
ami-02df0d3dedfd8df22	bitnami-lampstack-7.1.29-0-r50-linux-ubuntu-16.04-x86_64-hvm-ebs-mp-cb6afd05-a3b2-4916-a3e6-bccd414f5f21-ami-0e0440874e1f54f4c.4
ami-07fddbe00749dde49	bitnami-lampstack-7.3.10-0-linux-ubuntu-16.04-x86_64-hvm-ebs-mp-cb6afd05-a3b2-4916-a3e6-bccd414f5f21-ami-08aee8a44c0448dac.4
ami-0bc03e9235b6970ae	bitnami-lampstack-7.3.11-0-linux-ubuntu-16.04-x86_64-hvm-ebs-mp-cb6afd05-a3b2-4916-a3e6-bccd414f5f21-ami-00b32dd80a763004f.4
ami-092a09a885a576f96	bitnami-lampstack-7.3.12-0-linux-ubuntu-16.04-x86_64-hvm-ebs-mp-cb6afd05-a3b2-4916-a3e6-bccd414f5f21-ami-0289d6f330bb6757a.4
ami-0810debc3dd77ca2e	bitnami-lampstack-7.3.13-0-linux-ubuntu-16.04-x86_64-hvm-ebs-mp-cb6afd05-a3b2-4916-a3e6-bccd414f5f21-ami-065f72c5940cd6efb.4
ami-0513adeea888918cd	bitnami-lampstack-7.3.14-0-linux-ubuntu-16.04-x86_64-hvm-ebs-mp-cb6afd05-a3b2-4916-a3e6-bccd414f5f21-ami-0a93b0669d14be739.4
ami-02082253a94c22cdd	bitnami-lampstack-7.3.15-0-linux-ubuntu-16.04-x86_64-hvm-ebs-mp-cb6afd05-a3b2-4916-a3e6-bccd414f5f21-ami-050b54edb027be7f0.4
ami-0153bf42cfcabe385	bitnami-lampstack-7.3.15-1-linux-ubuntu-16.04-x86_64-hvm-ebs-mp-cb6afd05-a3b2-4916-a3e6-bccd414f5f21-ami-0601e9a552dc15974.4
ami-0fbf4980b64de31c7	bitnami-lampstack-7.3.15-2-linux-ubuntu-16.04-x86_64-hvm-ebs-mp-cb6afd05-a3b2-4916-a3e6-bccd414f5f21-ami-098173efc63c438f1.4
ami-089cd7f8783abc588	bitnami-lampstack-7.3.16-0-linux-ubuntu-16.04-x86_64-hvm-ebs-mp-cb6afd05-a3b2-4916-a3e6-bccd414f5f21-ami-0667d39eea66df074.4
ami-034a6347413fb08df	bitnami-lampstack-7.3.16-1-linux-ubuntu-16.04-x86_64-hvm-ebs-mp-cb6afd05-a3b2-4916-a3e6-bccd414f5f21-ami-0f22e6b1115a4c48b.4
ami-0283802abb21299ff	bitnami-lampstack-7.3.16-2-linux-ubuntu-16.04-x86_64-hvm-ebs-mp-cb6afd05-a3b2-4916-a3e6-bccd414f5f21-ami-01528b52fc15d53cf.4
ami-057fa17d6ee7dc3a7	bitnami-lampstack-7.3.27-11-r10-linux-debian-10-x86_64-hvm-ebs-nami-cb6afd05-a3b2-4916-a3e6-bccd414f5f21
ami-0312901a2da5ef48a	bitnami-lampstack-7.3.27-12-r11-linux-debian-10-x86_64-hvm-ebs-nami-cb6afd05-a3b2-4916-a3e6-bccd414f5f21
ami-06bc8bab5f969d10d	bitnami-lampstack-7.3.27-14-r12-linux-debian-10-x86_64-hvm-ebs-nami-cb6afd05-a3b2-4916-a3e6-bccd414f5f21
ami-0aff7677f69c9e1b8	bitnami-lampstack-7.3.27-15-r13-linux-debian-10-x86_64-hvm-ebs-nami-cb6afd05-a3b2-4916-a3e6-bccd414f5f21
ami-01f98b005f35ac8dd	bitnami-lampstack-7.3.27-6-r08-linux-debian-10-x86_64-hvm-ebs-nami-cb6afd05-a3b2-4916-a3e6-bccd414f5f21
ami-0937b66b66ad6a3b4	bitnami-lampstack-7.3.27-9-r09-linux-debian-10-x86_64-hvm-ebs-nami-cb6afd05-a3b2-4916-a3e6-bccd414f5f21
ami-04a9a6e1cac0d38fd	bitnami-lampstack-7.3.28-0-linux-debian-10-x86_64-hvm-ebs-nami-cb6afd05-a3b2-4916-a3e6-bccd414f5f21
ami-0b14ed332feaa1525	bitnami-lampstack-7.3.28-1-r01-linux-debian-10-x86_64-hvm-ebs-nami-cb6afd05-a3b2-4916-a3e6-bccd414f5f21
ami-0c275da4c0689e629	bitnami-lampstack-7.3.28-2-r02-linux-debian-10-x86_64-hvm-ebs-nami-cb6afd05-a3b2-4916-a3e6-bccd414f5f21
ami-0e36d46410d1b1079	bitnami-lampstack-7.3.28-4-r03-linux-debian-10-x86_64-hvm-ebs-nami-cb6afd05-a3b2-4916-a3e6-bccd414f5f21
ami-01c18e2787bbcc527	bitnami-lampstack-7.3.28-6-r04-linux-debian-10-x86_64-hvm-ebs-nami-cb6afd05-a3b2-4916-a3e6-bccd414f5f21
ami-0d7aa61de52153719	bitnami-lampstack-7.3.28-7-r05-linux-debian-10-x86_64-hvm-ebs-nami-cb6afd05-a3b2-4916-a3e6-bccd414f5f21
ami-02a72cc551c62bd88	bitnami-lampstack-7.3.7-1-linux-ubuntu-16.04-x86_64-hvm-ebs-mp-cb6afd05-a3b2-4916-a3e6-bccd414f5f21-ami-0b7f4fc77e299ff6c.4
ami-041236686e1d7a7f8	bitnami-lampstack-7.3.8-0-linux-ubuntu-16.04-x86_64-hvm-ebs-mp-cb6afd05-a3b2-4916-a3e6-bccd414f5f21-ami-071f823987e415cff.4
ami-0ebf325b219233e19	bitnami-lampstack-7.3.9-0-linux-ubuntu-16.04-x86_64-hvm-ebs-mp-cb6afd05-a3b2-4916-a3e6-bccd414f5f21-ami-0990ef3e66be53f0a.4
ami-0654d3bd4fddea3e9	bitnami-lampstack-7.4.16-12-r02-linux-debian-10-x86_64-hvm-ebs-nami-cb6afd05-a3b2-4916-a3e6-bccd414f5f21
ami-00e29ee02d480f6a6	bitnami-lampstack-7.4.16-16-r03-linux-debian-10-x86_64-hvm-ebs-nami-cb6afd05-a3b2-4916-a3e6-bccd414f5f21
ami-0f30b3b47d566ddff	bitnami-lampstack-7.4.16-18-r04-linux-debian-10-x86_64-hvm-ebs-nami-cb6afd05-a3b2-4916-a3e6-bccd414f5f21
ami-07d718b07de6ed558	bitnami-lampstack-7.4.16-22-r05-linux-debian-10-x86_64-hvm-ebs-nami-cb6afd05-a3b2-4916-a3e6-bccd414f5f21
ami-0ff6f9a5fbd09da9e	bitnami-lampstack-7.4.16-26-r06-linux-debian-10-x86_64-hvm-ebs-nami-cb6afd05-a3b2-4916-a3e6-bccd414f5f21
ami-02d4fb3af4a5d3b9d	bitnami-lampstack-7.4.18-0-linux-debian-10-x86_64-hvm-ebs-nami-cb6afd05-a3b2-4916-a3e6-bccd414f5f21
ami-0bcc2bbc9b1c85609	bitnami-lampstack-7.4.19-0-linux-debian-10-x86_64-hvm-ebs-nami-cb6afd05-a3b2-4916-a3e6-bccd414f5f21
ami-07890630fd95fc5f5	bitnami-lampstack-7.4.19-2-r01-linux-debian-10-x86_64-hvm-ebs-nami-cb6afd05-a3b2-4916-a3e6-bccd414f5f21
ami-04a62fdaf0933b6ed	bitnami-lampstack-7.4.19-4-r02-linux-debian-10-x86_64-hvm-ebs-nami-cb6afd05-a3b2-4916-a3e6-bccd414f5f21
ami-058ce395463702ab3	bitnami-lampstack-7.4.20-0-linux-debian-10-x86_64-hvm-ebs-nami-cb6afd05-a3b2-4916-a3e6-bccd414f5f21
ami-0e301f52806b3e1a4	bitnami-lampstack-7.4.20-6-r01-linux-debian-10-x86_64-hvm-ebs-nami-cb6afd05-a3b2-4916-a3e6-bccd414f5f21
ami-093f8918e2d090742	bitnami-lampstack-7.4.20-8-r02-linux-debian-10-x86_64-hvm-ebs-nami-cb6afd05-a3b2-4916-a3e6-bccd414f5f21
ami-0f289993d08136fb4	bitnami-lampstack-7.4.21-0-linux-debian-10-x86_64-hvm-ebs-nami-cb6afd05-a3b2-4916-a3e6-bccd414f5f21
ami-040ed884b4cc4e487	bitnami-lampstack-8.0.3-10-r05-linux-debian-10-x86_64-hvm-ebs-nami-cb6afd05-a3b2-4916-a3e6-bccd414f5f21
ami-035ad1a373658d567	bitnami-lampstack-8.0.3-11-r06-linux-debian-10-x86_64-hvm-ebs-nami-cb6afd05-a3b2-4916-a3e6-bccd414f5f21
ami-0214b7c6624640a9c	bitnami-lampstack-8.0.3-5-r02-linux-debian-10-x86_64-hvm-ebs-nami-cb6afd05-a3b2-4916-a3e6-bccd414f5f21
ami-014eb869df5fec7a1	bitnami-lampstack-8.0.3-7-r03-linux-debian-10-x86_64-hvm-ebs-nami-cb6afd05-a3b2-4916-a3e6-bccd414f5f21
ami-09f35f2ece7103170	bitnami-lampstack-8.0.3-8-r04-linux-debian-10-x86_64-hvm-ebs-nami-cb6afd05-a3b2-4916-a3e6-bccd414f5f21
ami-05665ef016ba2be18	bitnami-lampstack-8.0.5-0-linux-debian-10-x86_64-hvm-ebs-nami-cb6afd05-a3b2-4916-a3e6-bccd414f5f21
ami-0315ce5a49b8d8ce8	bitnami-lampstack-8.0.6-0-linux-debian-10-x86_64-hvm-ebs-nami-cb6afd05-a3b2-4916-a3e6-bccd414f5f21
ami-08c235f91ae09d9cd	bitnami-lampstack-8.0.6-1-r01-linux-debian-10-x86_64-hvm-ebs-nami-cb6afd05-a3b2-4916-a3e6-bccd414f5f21
ami-053f251b008e9aca0	bitnami-lampstack-8.0.6-2-r02-linux-debian-10-x86_64-hvm-ebs-nami-cb6afd05-a3b2-4916-a3e6-bccd414f5f21
ami-05a51446230dd672e	bitnami-lampstack-8.0.7-0-linux-debian-10-x86_64-hvm-ebs-nami-cb6afd05-a3b2-4916-a3e6-bccd414f5f21
ami-075e2518470259141	bitnami-lampstack-8.0.7-1-r01-linux-debian-10-x86_64-hvm-ebs-nami-cb6afd05-a3b2-4916-a3e6-bccd414f5f21
ami-079597f352f899e72	bitnami-lampstack-8.0.7-3-r02-linux-debian-10-x86_64-hvm-ebs-nami-cb6afd05-a3b2-4916-a3e6-bccd414f5f21
ami-cb1d71b7	bitnami-meanstack-3.4.10-0-linux-ubuntu-14.04-x86_64-ebs-mp-8d2e2f09-c4e2-49a6-ab98-60221ebc1d35-ami-92dd7be8.4
ami-80098de3	bitnami-meanstack-3.4.4-0-linux-ubuntu-14.04.3-x86_64-ebs-mp-8d2e2f09-c4e2-49a6-ab98-60221ebc1d35-ami-bb6d04ad.4
ami-e7a83f84	bitnami-meanstack-3.4.5-0-linux-ubuntu-14.04-x86_64-ebs-mp-8d2e2f09-c4e2-49a6-ab98-60221ebc1d35-ami-778faf61.4
ami-836d18e0	bitnami-meanstack-3.4.9-0-linux-ubuntu-14.04-x86_64-ebs-mp-8d2e2f09-c4e2-49a6-ab98-60221ebc1d35-ami-2e3c2655.4
ami-0dec9771	bitnami-meanstack-3.6.2-0-r02-linux-ubuntu-16.04-x86_64-ebs-mp-8d2e2f09-c4e2-49a6-ab98-60221ebc1d35-ami-5cd3e326.4
ami-e82d6aba	bitnami-redmine-1.3.2-0-linux-ubuntu-10.04.3-x86_64-mp-c7f2fbe4-2213-4036-bb09-247860ee8114-ami-c030eca9.1
ami-6a6c2a38	bitnami-redmine-1.4.1-0-linux-ubuntu-10.04.4-x86_64-ebs-mp-c7f2fbe4-2213-4036-bb09-247860ee8114-ami-8c469de5.1
ami-ca682e98	bitnami-redmine-1.4.2-0-linux-ubuntu-12.04-x86_64-ebs-mp-c7f2fbe4-2213-4036-bb09-247860ee8114-ami-a43296cd.1
ami-4e34751c	bitnami-redmine-1.4.3-0-linux-ubuntu-12.04-x86_64-ebs-mp-c7f2fbe4-2213-4036-bb09-247860ee8114-ami-ce0dada7.1
ami-b44c0de6	bitnami-redmine-1.4.4-0-linux-ubuntu-12.04-x86_64-ebs-mp-c7f2fbe4-2213-4036-bb09-247860ee8114-ami-0451f36d.1
ami-02b6f550	bitnami-redmine-1.4.4-1-linux-ubuntu-12.04.1-x86_64-ebs-mp-c7f2fbe4-2213-4036-bb09-247860ee8114-ami-ccf87fa5.1
ami-c44c0d96	bitnami-redmine-2.0.3-1-linux-ubuntu-12.04-x86_64-ebs-mp-c7f2fbe4-2213-4036-bb09-247860ee8114-ami-bc76d4d5.1
ami-e8cf8fba	bitnami-redmine-2.0.4-0-linux-ubuntu-12.04.2-x86_64-ebs-mp-c7f2fbe4-2213-4036-bb09-247860ee8114-ami-93e053fa.1
ami-14d09046	bitnami-redmine-2.1.2-0-linux-ubuntu-12.04.2-x86_64-ebs-mp-c7f2fbe4-2213-4036-bb09-247860ee8114-ami-c549f4ac.1
ami-94b3f0c6	bitnami-redmine-2.1.2-2-linux-ubuntu-12.04.1-x86_64-ebs-mp-c7f2fbe4-2213-4036-bb09-247860ee8114-ami-64f2750d.1
ami-329fdd60	bitnami-redmine-2.2.0-2-linux-ubuntu-12.04.1-x86_64-ebs-mp-c7f2fbe4-2213-4036-bb09-247860ee8114-ami-8b26afe2.1
ami-e8fdbfba	bitnami-redmine-2.2.2-0-linux-ubuntu-12.04.1-x86_64-ebs-mp-c7f2fbe4-2213-4036-bb09-247860ee8114-ami-794ac010.1
ami-b0bff6e2	bitnami-redmine-2.3.1-3-linux-ubuntu-12.04.2-x86_64-ebs-mp-c7f2fbe4-2213-4036-bb09-247860ee8114-ami-6bcdbe02.1
ami-faaae2a8	bitnami-redmine-2.3.2-0-linux-ubuntu-12.04.2-x86_64-ebs-mp-c7f2fbe4-2213-4036-bb09-247860ee8114-ami-506b1539.1
ami-6ebef53c	bitnami-redmine-2.3.2-2-linux-ubuntu-12.04.2-x86_64-ebs-mp-c7f2fbe4-2213-4036-bb09-247860ee8114-ami-eb0d4482.2
ami-d69fc984	bitnami-redmine-2.4.2-0-linux-ubuntu-12.04.3-x86_64-ebs-mp-c7f2fbe4-2213-4036-bb09-247860ee8114-ami-43775d2a.2
ami-f87122aa	bitnami-redmine-2.5.1-1-linux-ubuntu-12.04.3-x86_64-ebs-mp-c7f2fbe4-2213-4036-bb09-247860ee8114-ami-f1988598.2
ami-36331764	bitnami-redmine-2.5.2-2-linux-ubuntu-14.04.1-x86_64-ebs-mp-c7f2fbe4-2213-4036-bb09-247860ee8114-ami-8e17cde6.2
ami-68b5923a	bitnami-redmine-2.5.2-2-r02-linux-ubuntu-14.04.1-x86_64-ebs-mp-c7f2fbe4-2213-4036-bb09-247860ee8114-ami-2aa71142.2
ami-6d260b3f	bitnami-redmine-2.6.0-1-linux-ubuntu-14.04.1-x86_64-ebs-mp-c7f2fbe4-2213-4036-bb09-247860ee8114-ami-2ef97b46.2
ami-62bf9430	bitnami-redmine-2.6.1-1-linux-ubuntu-14.04.1-x86_64-ebs-mp-c7f2fbe4-2213-4036-bb09-247860ee8114-ami-ecc6be84.2
ami-70665122	bitnami-redmine-2.6.1-2-linux-ubuntu-14.04.1-x86_64-ebs-mp-c7f2fbe4-2213-4036-bb09-247860ee8114-ami-54d09a3c.2
ami-7c7e4f2e	bitnami-redmine-3.0.0-0-linux-ubuntu-14.04.1-x86_64-ebs-mp-c7f2fbe4-2213-4036-bb09-247860ee8114-ami-1687da7e.2
ami-86d3eed4	bitnami-redmine-3.0.1-0-linux-ubuntu-14.04.1-x86_64-ebs-mp-c7f2fbe4-2213-4036-bb09-247860ee8114-ami-10674a78.2
ami-6ab58a38	bitnami-redmine-3.0.2-0-linux-ubuntu-14.04.1-x86_64-ebs-mp-c7f2fbe4-2213-4036-bb09-247860ee8114-ami-782c2110.2
ami-dcf2c98e	bitnami-redmine-3.0.3-0-linux-ubuntu-14.04.1-x86_64-ebs-mp-c7f2fbe4-2213-4036-bb09-247860ee8114-ami-929e8dfa.2
ami-f63f3ca4	bitnami-redmine-3.0.4-1-linux-ubuntu-14.04.1-x86_64-ebs-mp-c7f2fbe4-2213-4036-bb09-247860ee8114-ami-ef27ef84.2
ami-aacac6f8	bitnami-redmine-3.1.0-0-linux-ubuntu-14.04.1-x86_64-ebs-mp-c7f2fbe4-2213-4036-bb09-247860ee8114-ami-5508d33e.2
ami-6c90873e	bitnami-redmine-3.1.1-0-linux-ubuntu-14.04.1-x86_64-ebs-mp-c7f2fbe4-2213-4036-bb09-247860ee8114-ami-596d103c.2
ami-d2be7fb1	bitnami-redmine-3.1.2-0-linux-ubuntu-14.04.1-x86_64-ebs-mp-c7f2fbe4-2213-4036-bb09-247860ee8114-ami-9f2164f5.3
ami-a5b477c6	bitnami-redmine-3.2.0-0-linux-ubuntu-14.04.3-x86_64-ebs-mp-c7f2fbe4-2213-4036-bb09-247860ee8114-ami-f8367892.3
ami-b25b97d1	bitnami-redmine-3.2.0-1-r02-linux-ubuntu-14.04.3-x86_64-ebs-mp-c7f2fbe4-2213-4036-bb09-247860ee8114-ami-29341243.3
ami-f6894095	bitnami-redmine-3.2.0-2-linux-ubuntu-14.04.3-x86_64-ebs-mp-c7f2fbe4-2213-4036-bb09-247860ee8114-ami-f22d1a98.3
ami-20e62f43	bitnami-redmine-3.2.0-2-r04-linux-ubuntu-14.04.3-x86_64-ebs-mp-c7f2fbe4-2213-4036-bb09-247860ee8114-ami-0baf9e61.3
ami-6de6330e	bitnami-redmine-3.2.1-0-linux-ubuntu-14.04.3-x86_64-ebs-mp-c7f2fbe4-2213-4036-bb09-247860ee8114-ami-a07575ca.3
ami-f03cea93	bitnami-redmine-3.2.2-0-linux-ubuntu-14.04.3-x86_64-ebs-mp-c7f2fbe4-2213-4036-bb09-247860ee8114-ami-b2d63bdf.3
ami-afc419cc	bitnami-redmine-3.3.0-0-linux-ubuntu-14.04.3-x86_64-ebs-mp-c7f2fbe4-2213-4036-bb09-247860ee8114-ami-a0c102cd.3
ami-d4ce11b7	bitnami-redmine-3.3.0-1-r15-linux-ubuntu-14.04.3-x86_64-ebs-mp-c7f2fbe4-2213-4036-bb09-247860ee8114-ami-c274fdd5.3
ami-01d90162	bitnami-redmine-3.3.0-1-r17-linux-ubuntu-14.04.3-x86_64-ebs-mp-c7f2fbe4-2213-4036-bb09-247860ee8114-ami-bc4025ab.3
ami-07518a64	bitnami-redmine-3.3.0-1-r21-linux-ubuntu-14.04.3-x86_64-ebs-mp-c7f2fbe4-2213-4036-bb09-247860ee8114-ami-a54b3eb2.3
ami-5b4ced38	bitnami-redmine-3.3.1-0-r27-linux-ubuntu-14.04.3-x86_64-ebs-mp-c7f2fbe4-2213-4036-bb09-247860ee8114-ami-a2f7a4b5.3
ami-76a30b15	bitnami-redmine-3.3.1-0-r28-linux-ubuntu-14.04.3-x86_64-ebs-mp-c7f2fbe4-2213-4036-bb09-247860ee8114-ami-96f9a081.3
ami-44318c27	bitnami-redmine-3.3.2-2-linux-ubuntu-14.04.3-x86_64-ebs-mp-c7f2fbe4-2213-4036-bb09-247860ee8114-ami-e825f6fe.4
ami-d6eb6cb5	bitnami-redmine-3.3.3-0-linux-ubuntu-14.04.3-x86_64-ebs-mp-c7f2fbe4-2213-4036-bb09-247860ee8114-ami-e937b9ff.4
ami-2bac3b48	bitnami-redmine-3.3.3-1-linux-ubuntu-14.04-x86_64-ebs-mp-c7f2fbe4-2213-4036-bb09-247860ee8114-ami-8e89d998.4
ami-24671247	bitnami-redmine-3.4.2-3-linux-ubuntu-14.04-x86_64-ebs-mp-c7f2fbe4-2213-4036-bb09-247860ee8114-ami-58bdae23.4
ami-22e09b5e	bitnami-redmine-3.4.4-1-r02-linux-ubuntu-16.04-x86_64-ebs-mp-c7f2fbe4-2213-4036-bb09-247860ee8114-ami-9cd2e2e6.4
ami-07bacb248ff0bc21c	bitnami-redmine-4.0.3-2-r50-linux-ubuntu-16.04-x86_64-hvm-ebs-mp-ee6977a6-d6da-4671-885e-dd9c02ec5def-ami-0b58dfd8e73e135ff.4
ami-0ff176ad9076faf86	bitnami-redmine-4.0.3-3-linux-ubuntu-16.04-x86_64-hvm-ebs-mp-ee6977a6-d6da-4671-885e-dd9c02ec5def-ami-04dfb808a5ada89fc.4
ami-095de150af4e0bb26	bitnami-redmine-4.0.4-1-r56-linux-ubuntu-16.04-x86_64-hvm-ebs-mp-ee6977a6-d6da-4671-885e-dd9c02ec5def-ami-076958fda39fd1b7c.4
ami-0dd4c4104b04f73e0	bitnami-redmine-4.0.4-3-linux-ubuntu-16.04-x86_64-hvm-ebs-mp-ee6977a6-d6da-4671-885e-dd9c02ec5def-ami-0dd64688a3acadb62.4
ami-06255d65129bb9cbc	bitnami-redmine-4.0.4-5-linux-ubuntu-16.04-x86_64-hvm-ebs-mp-ee6977a6-d6da-4671-885e-dd9c02ec5def-ami-0637197491eb7df3e.4
ami-05d6fc10e59e057e5	bitnami-redmine-4.1.1-1-r01-linux-debian-10-x86_64-hvm-ebs-ee6977a6-d6da-4671-885e-dd9c02ec5def-ami-0f5afc3d8a8c74d09.4
ami-02cf8f51d8145c8ac	bitnami-redmine-4.1.1-2-linux-debian-10-x86_64-hvm-ebs-ee6977a6-d6da-4671-885e-dd9c02ec5def-ami-0016fc2975c20c287.4
ami-0c32c027d1445dee2	bitnami-redmine-4.1.1-3-linux-debian-10-x86_64-hvm-ebs-ee6977a6-d6da-4671-885e-dd9c02ec5def-ami-0a732209956ed4c7c.4
ami-0ecde9cebdab71894	bitnami-redmine-4.1.1-4-linux-debian-10-x86_64-hvm-ebs-ee6977a6-d6da-4671-885e-dd9c02ec5def-ami-08fe7f96d14a872fc.4
ami-0eba451ce7d528094	bitnami-redmine-4.1.1-5-linux-debian-10-x86_64-hvm-ebs-ee6977a6-d6da-4671-885e-dd9c02ec5def-ami-07fc013ab8fda579c.4
ami-0a673894a8d50c49e	bitnami-redmine-4.1.1-6-linux-debian-10-x86_64-hvm-ebs-ee6977a6-d6da-4671-885e-dd9c02ec5def-ami-02e776dbb0c362ea3.4
ami-0badd22e690234dbd	bitnami-redmine-4.1.1-7-linux-debian-10-x86_64-hvm-ebs-ee6977a6-d6da-4671-885e-dd9c02ec5def-ami-088bdc1a67739f26b.4
ami-0b7b3cbf34e1450eb	bitnami-redmine-4.1.1-7-r33-linux-debian-10-x86_64-hvm-ebs-ee6977a6-d6da-4671-885e-dd9c02ec5def
ami-07465c12a14f1798a	bitnami-redmine-4.1.1-8-linux-debian-10-x86_64-hvm-ebs-ee6977a6-d6da-4671-885e-dd9c02ec5def
ami-0da9cf066011551ae	bitnami-redmine-4.1.2-0-linux-debian-10-x86_64-hvm-ebs-ee6977a6-d6da-4671-885e-dd9c02ec5def
ami-009dba52	bitnami-resourcespace-6.3-0-r02-linux-ubuntu-14.04.1-x86_64-ebs-mp-08e9baea-9749-4fa9-8504-de87f13bf67d-ami-ba8234d2.2
ami-e7260bb5	bitnami-resourcespace-6.4-0-linux-ubuntu-14.04.1-x86_64-ebs-mp-08e9baea-9749-4fa9-8504-de87f13bf67d-ami-c40c80ac.2
ami-96bf94c4	bitnami-resourcespace-6.4-1-linux-ubuntu-14.04.1-x86_64-ebs-mp-08e9baea-9749-4fa9-8504-de87f13bf67d-ami-907ae6f8.2
ami-8a784fd8	bitnami-resourcespace-7.0-0-linux-ubuntu-14.04.1-x86_64-ebs-mp-08e9baea-9749-4fa9-8504-de87f13bf67d-ami-28befe40.2
ami-04cef356	bitnami-resourcespace-7.1-0-linux-ubuntu-14.04.1-x86_64-ebs-mp-08e9baea-9749-4fa9-8504-de87f13bf67d-ami-1e8abb76.2
ami-1840444a	bitnami-resourcespace-7.2-0-linux-ubuntu-14.04.1-x86_64-ebs-mp-08e9baea-9749-4fa9-8504-de87f13bf67d-ami-a1ac43ca.2
ami-96d6d9c4	bitnami-resourcespace-7.3-0-linux-ubuntu-14.04.1-x86_64-ebs-mp-08e9baea-9749-4fa9-8504-de87f13bf67d-ami-0d379766.2
ami-42938410	bitnami-resourcespace-7.3-1-linux-ubuntu-14.04.1-x86_64-ebs-mp-08e9baea-9749-4fa9-8504-de87f13bf67d-ami-bf176ada.2
ami-60589f03	bitnami-resourcespace-7.4-0-linux-ubuntu-14.04.1-x86_64-ebs-mp-08e9baea-9749-4fa9-8504-de87f13bf67d-ami-43356626.2
ami-7bc40518	bitnami-resourcespace-7.4-1-linux-ubuntu-14.04.1-x86_64-ebs-mp-08e9baea-9749-4fa9-8504-de87f13bf67d-ami-dec6bcb4.3
ami-7c6da11f	bitnami-resourcespace-7.5-0-r02-linux-ubuntu-14.04.3-x86_64-ebs-mp-08e9baea-9749-4fa9-8504-de87f13bf67d-ami-8d3412e7.3
ami-01f83162	bitnami-resourcespace-7.5-0-r04-linux-ubuntu-14.04.3-x86_64-ebs-mp-08e9baea-9749-4fa9-8504-de87f13bf67d-ami-9891a0f2.3
ami-37e03554	bitnami-resourcespace-7.6-0-linux-ubuntu-14.04.3-x86_64-ebs-mp-08e9baea-9749-4fa9-8504-de87f13bf67d-ami-17fbfd7d.3
ami-d626f0b5	bitnami-resourcespace-7.7-2-linux-ubuntu-14.04.3-x86_64-ebs-mp-08e9baea-9749-4fa9-8504-de87f13bf67d-ami-843ad9e9.3
ami-58cc113b	bitnami-resourcespace-7.8-0-linux-ubuntu-14.04.3-x86_64-ebs-mp-08e9baea-9749-4fa9-8504-de87f13bf67d-ami-a510d6c8.3
ami-1acd1279	bitnami-resourcespace-7.8-2-r15-linux-ubuntu-14.04.3-x86_64-ebs-mp-08e9baea-9749-4fa9-8504-de87f13bf67d-ami-76088161.3
ami-45db0326	bitnami-resourcespace-7.8-3-r17-linux-ubuntu-14.04.3-x86_64-ebs-mp-08e9baea-9749-4fa9-8504-de87f13bf67d-ami-1843260f.3
ami-6d508b0e	bitnami-resourcespace-7.8-3-r21-linux-ubuntu-14.04.3-x86_64-ebs-mp-08e9baea-9749-4fa9-8504-de87f13bf67d-ami-b14f3aa6.3
ami-e351f080	bitnami-resourcespace-7.9-1-r27-linux-ubuntu-14.04.3-x86_64-ebs-mp-08e9baea-9749-4fa9-8504-de87f13bf67d-ami-52f2a145.3
ami-14cf6777	bitnami-resourcespace-7.9-2-linux-ubuntu-14.04.3-x86_64-ebs-mp-08e9baea-9749-4fa9-8504-de87f13bf67d-ami-bb2b1dac.3
ami-6d328f0e	bitnami-resourcespace-8.0-0-linux-ubuntu-14.04.3-x86_64-ebs-mp-08e9baea-9749-4fa9-8504-de87f13bf67d-ami-78805e6e.4
ami-57088c34	bitnami-resourcespace-8.1-0-linux-ubuntu-14.04.3-x86_64-ebs-mp-08e9baea-9749-4fa9-8504-de87f13bf67d-ami-48da5f5e.4
ami-ebaa3d88	bitnami-resourcespace-8.1-1-linux-ubuntu-14.04-x86_64-ebs-mp-08e9baea-9749-4fa9-8504-de87f13bf67d-ami-bd3c69ab.4
ami-c56c19a6	bitnami-resourcespace-8.2-0-linux-ubuntu-14.04-x86_64-ebs-mp-08e9baea-9749-4fa9-8504-de87f13bf67d-ami-e475689f.4
ami-8a076bf6	bitnami-resourcespace-8.3-0-linux-ubuntu-14.04-x86_64-ebs-mp-08e9baea-9749-4fa9-8504-de87f13bf67d-ami-831eb4f9.4
ami-31ef944d	bitnami-resourcespace-8.4-0-r02-linux-ubuntu-16.04-x86_64-ebs-mp-08e9baea-9749-4fa9-8504-de87f13bf67d-ami-f5d7e78f.4
ami-64b79036	bitnami-solr-4.10.0-0-r02-linux-ubuntu-14.04.1-x86_64-ebs-mp-2ab11c32-667d-4bcf-a808-43ef8170be9e-ami-10bd0b78.2
ami-10426442	bitnami-solr-4.10.0-0-r02-linux-ubuntu-14.04.1-x86_64-hvm-ebs-mp-f4cc730f-da5f-4ce1-a46d-c356905cc958-ami-8cba0ce4.2
ami-3b5d7069	bitnami-solr-4.10.2-0-linux-ubuntu-14.04.1-x86_64-ebs-mp-2ab11c32-667d-4bcf-a808-43ef8170be9e-ami-dec74ab6.2
ami-f75d70a5	bitnami-solr-4.10.2-0-linux-ubuntu-14.04.1-x86_64-hvm-ebs-mp-f4cc730f-da5f-4ce1-a46d-c356905cc958-ami-ccc74aa4.2
ami-10bc9742	bitnami-solr-4.10.3-0-linux-ubuntu-14.04.1-x86_64-ebs-mp-2ab11c32-667d-4bcf-a808-43ef8170be9e-ami-bcd4b8d4.2
ami-40b89312	bitnami-solr-4.10.3-0-linux-ubuntu-14.04.1-x86_64-hvm-ebs-mp-f4cc730f-da5f-4ce1-a46d-c356905cc958-ami-dad4b8b2.2
ami-f62105a4	bitnami-solr-4.9.0-0-linux-ubuntu-14.04-x86_64-hvm-ebs-mp-f4cc730f-da5f-4ce1-a46d-c356905cc958-ami-6456910c.2
ami-da685988	bitnami-solr-5.0.0-0-linux-ubuntu-14.04.1-x86_64-ebs-mp-2ab11c32-667d-4bcf-a808-43ef8170be9e-ami-1efba276.2
ami-66704134	bitnami-solr-5.0.0-0-linux-ubuntu-14.04.1-x86_64-hvm-ebs-mp-f4cc730f-da5f-4ce1-a46d-c356905cc958-ami-78fba210.2
ami-38cdf06a	bitnami-solr-5.1.0-0-linux-ubuntu-14.04.1-x86_64-ebs-mp-2ab11c32-667d-4bcf-a808-43ef8170be9e-ami-20c7c248.2
ami-44cbf616	bitnami-solr-5.1.0-0-linux-ubuntu-14.04.1-x86_64-hvm-ebs-mp-f4cc730f-da5f-4ce1-a46d-c356905cc958-ami-4ac7c222.2
ami-cab58a98	bitnami-solr-5.1.0-1-linux-ubuntu-14.04.1-x86_64-ebs-mp-2ab11c32-667d-4bcf-a808-43ef8170be9e-ami-4cb7b824.2
ami-d4b38c86	bitnami-solr-5.1.0-1-linux-ubuntu-14.04.1-x86_64-hvm-ebs-mp-f4cc730f-da5f-4ce1-a46d-c356905cc958-ami-f2b8b79a.2
ami-8ad4d5d8	bitnami-solr-5.2.1-0-linux-ubuntu-14.04.1-x86_64-ebs-mp-2ab11c32-667d-4bcf-a808-43ef8170be9e-ami-8719e5ec.2
ami-b0d8d9e2	bitnami-solr-5.2.1-0-linux-ubuntu-14.04.1-x86_64-hvm-ebs-mp-f4cc730f-da5f-4ce1-a46d-c356905cc958-ami-9b19e5f0.2
ami-9cc3c0ce	bitnami-solr-5.2.1-1-linux-ubuntu-14.04.1-x86_64-ebs-mp-2ab11c32-667d-4bcf-a808-43ef8170be9e-ami-8fe028e4.2
ami-9ec4c7cc	bitnami-solr-5.2.1-1-linux-ubuntu-14.04.1-x86_64-hvm-ebs-mp-f4cc730f-da5f-4ce1-a46d-c356905cc958-ami-81e028ea.2
ami-38aba06a	bitnami-solr-5.3.0-0-linux-ubuntu-14.04.1-x86_64-ebs-mp-2ab11c32-667d-4bcf-a808-43ef8170be9e-ami-27f2494c.2
ami-34aba066	bitnami-solr-5.3.0-0-linux-ubuntu-14.04.1-x86_64-hvm-ebs-mp-f4cc730f-da5f-4ce1-a46d-c356905cc958-ami-39f24952.2
ami-06908754	bitnami-solr-5.3.1-0-linux-ubuntu-14.04.1-x86_64-ebs-mp-2ab11c32-667d-4bcf-a808-43ef8170be9e-ami-ffaad49a.2
ami-de9f888c	bitnami-solr-5.3.1-0-linux-ubuntu-14.04.1-x86_64-hvm-ebs-mp-f4cc730f-da5f-4ce1-a46d-c356905cc958-ami-c5aad4a0.2
ami-cfc302ac	bitnami-solr-5.3.1-1-linux-ubuntu-14.04.1-x86_64-ebs-mp-2ab11c32-667d-4bcf-a808-43ef8170be9e-ami-cecab0a4.3
ami-95c405f6	bitnami-solr-5.3.1-1-linux-ubuntu-14.04.1-x86_64-hvm-ebs-mp-f4cc730f-da5f-4ce1-a46d-c356905cc958-ami-e4cbb18e.3
ami-25579b46	bitnami-solr-5.4.0-0-r02-linux-ubuntu-14.04.3-x86_64-ebs-mp-2ab11c32-667d-4bcf-a808-43ef8170be9e-ami-d1280ebb.3
ami-6b6ea208	bitnami-solr-5.4.0-0-r02-linux-ubuntu-14.04.3-x86_64-hvm-ebs-mp-f4cc730f-da5f-4ce1-a46d-c356905cc958-ami-ee2a0c84.3
ami-d2fe30b1	bitnami-solr-5.4.1-1-linux-ubuntu-14.04.3-x86_64-ebs-mp-2ab11c32-667d-4bcf-a808-43ef8170be9e-ami-9cd8f7f6.3
ami-4cf43a2f	bitnami-solr-5.4.1-1-linux-ubuntu-14.04.3-x86_64-hvm-ebs-mp-f4cc730f-da5f-4ce1-a46d-c356905cc958-ami-9dd8f7f7.3
ami-338b4250	bitnami-solr-5.4.1-2-linux-ubuntu-14.04.3-x86_64-ebs-mp-2ab11c32-667d-4bcf-a808-43ef8170be9e-ami-52301a38.3
ami-0d8c456e	bitnami-solr-5.4.1-2-linux-ubuntu-14.04.3-x86_64-hvm-ebs-mp-f4cc730f-da5f-4ce1-a46d-c356905cc958-ami-15301a7f.3
ami-08fb326b	bitnami-solr-5.4.1-3-r04-linux-ubuntu-14.04.3-x86_64-ebs-mp-2ab11c32-667d-4bcf-a808-43ef8170be9e-ami-f993a293.3
ami-74f23b17	bitnami-solr-5.4.1-3-r04-linux-ubuntu-14.04.3-x86_64-hvm-ebs-mp-f4cc730f-da5f-4ce1-a46d-c356905cc958-ami-9995a4f3.3
ami-b5e732d6	bitnami-solr-5.5.0-1-linux-ubuntu-14.04.3-x86_64-ebs-mp-2ab11c32-667d-4bcf-a808-43ef8170be9e-ami-1e8b8d74.3
ami-54a77137	bitnami-solr-6.0.0-1-linux-ubuntu-14.04.3-x86_64-ebs-mp-2ab11c32-667d-4bcf-a808-43ef8170be9e-ami-1752b27a.3
ami-0ba67068	bitnami-solr-6.0.0-1-linux-ubuntu-14.04.3-x86_64-hvm-ebs-mp-f4cc730f-da5f-4ce1-a46d-c356905cc958-ami-9350b0fe.3
ami-85d60be6	bitnami-solr-6.1.0-0-linux-ubuntu-14.04.3-x86_64-ebs-mp-2ab11c32-667d-4bcf-a808-43ef8170be9e-ami-9e14d2f3.3
ami-e1c01d82	bitnami-solr-6.1.0-0-linux-ubuntu-14.04.3-x86_64-hvm-ebs-mp-f4cc730f-da5f-4ce1-a46d-c356905cc958-ami-5a12d437.3
ami-17ce1174	bitnami-solr-6.1.0-1-r15-linux-ubuntu-14.04.3-x86_64-ebs-mp-2ab11c32-667d-4bcf-a808-43ef8170be9e-ami-010c8516.3
ami-04d10e67	bitnami-solr-6.1.0-1-r15-linux-ubuntu-14.04.3-x86_64-hvm-ebs-mp-f4cc730f-da5f-4ce1-a46d-c356905cc958-ami-8a1e979d.3
ami-00a77f63	bitnami-solr-6.1.0-2-r17-linux-ubuntu-14.04.3-x86_64-ebs-mp-2ab11c32-667d-4bcf-a808-43ef8170be9e-ami-ed4326fa.3
ami-ffdc049c	bitnami-solr-6.1.0-2-r17-linux-ubuntu-14.04.3-x86_64-hvm-ebs-mp-f4cc730f-da5f-4ce1-a46d-c356905cc958-ami-c5492cd2.3
ami-05528966	bitnami-solr-6.2.0-0-r21-linux-ubuntu-14.04.3-x86_64-ebs-mp-2ab11c32-667d-4bcf-a808-43ef8170be9e-ami-49493c5e.3
ami-7c558e1f	bitnami-solr-6.2.0-0-r21-linux-ubuntu-14.04.3-x86_64-hvm-ebs-mp-f4cc730f-da5f-4ce1-a46d-c356905cc958-ami-99b1c48e.3
ami-c34ceda0	bitnami-solr-6.2.1-2-r27-linux-ubuntu-14.04.3-x86_64-ebs-mp-2ab11c32-667d-4bcf-a808-43ef8170be9e-ami-e0f7a4f7.3
ami-a753f2c4	bitnami-solr-6.2.1-2-r27-linux-ubuntu-14.04.3-x86_64-hvm-ebs-mp-f4cc730f-da5f-4ce1-a46d-c356905cc958-ami-84faa993.3
ami-95a109f6	bitnami-solr-6.2.1-2-r28-linux-ubuntu-14.04.3-x86_64-ebs-mp-2ab11c32-667d-4bcf-a808-43ef8170be9e-ami-0df9a01a.3
ami-17d77f74	bitnami-solr-6.2.1-2-r28-linux-ubuntu-14.04.3-x86_64-hvm-ebs-mp-f4cc730f-da5f-4ce1-a46d-c356905cc958-ami-2cfaa33b.3
ami-ef368b8c	bitnami-solr-6.4.2-0-linux-ubuntu-14.04.3-x86_64-ebs-mp-2ab11c32-667d-4bcf-a808-43ef8170be9e-ami-ca65c4dc.4
ami-640cb107	bitnami-solr-6.4.2-0-linux-ubuntu-14.04.3-x86_64-hvm-ebs-mp-f4cc730f-da5f-4ce1-a46d-c356905cc958-ami-0c65c41a.4
ami-674dcb04	bitnami-solr-6.5.1-0-linux-ubuntu-14.04.3-x86_64-ebs-mp-2ab11c32-667d-4bcf-a808-43ef8170be9e-ami-e4ea85f2.4
ami-fe00849d	bitnami-solr-6.5.1-0-linux-ubuntu-14.04.3-x86_64-hvm-ebs-mp-f4cc730f-da5f-4ce1-a46d-c356905cc958-ami-dde986cb.4
ami-b5ab3cd6	bitnami-solr-6.6.0-0-linux-ubuntu-14.04-x86_64-ebs-mp-2ab11c32-667d-4bcf-a808-43ef8170be9e-ami-f798c5e1.4
ami-b4a235d7	bitnami-solr-6.6.0-0-linux-ubuntu-14.04-x86_64-hvm-ebs-mp-f4cc730f-da5f-4ce1-a46d-c356905cc958-ami-c399c4d5.4
ami-9b6114f8	bitnami-solr-6.6.1-0-linux-ubuntu-14.04-x86_64-ebs-mp-2ab11c32-667d-4bcf-a808-43ef8170be9e-ami-efb0ac94.4
ami-3d67125e	bitnami-solr-6.6.1-0-linux-ubuntu-14.04-x86_64-hvm-ebs-mp-f4cc730f-da5f-4ce1-a46d-c356905cc958-ami-f2b0ac89.4
ami-4e117d32	bitnami-solr-7.1.0-1-linux-ubuntu-14.04-x86_64-ebs-mp-2ab11c32-667d-4bcf-a808-43ef8170be9e-ami-1e3a8464.4
ami-74026e08	bitnami-solr-7.1.0-1-linux-ubuntu-14.04-x86_64-hvm-ebs-mp-f4cc730f-da5f-4ce1-a46d-c356905cc958-ami-6038861a.4
ami-4a6d1136	bitnami-solr-7.2.0-0-r01-linux-ubuntu-16.04-x86_64-hvm-ebs-mp-f4cc730f-da5f-4ce1-a46d-c356905cc958-ami-2feab355.4
ami-40eb903c	bitnami-solr-7.2.1-0-r02-linux-ubuntu-16.04-x86_64-ebs-mp-2ab11c32-667d-4bcf-a808-43ef8170be9e-ami-59d2e223.4
ami-04e89378	bitnami-solr-7.2.1-0-r02-linux-ubuntu-16.04-x86_64-hvm-ebs-mp-f4cc730f-da5f-4ce1-a46d-c356905cc958-ami-99d7e7e3.4
ami-2cbaed50	bitnami-solr-7.2.1-0-r08-linux-ubuntu-16.04-x86_64-hvm-ebs-mp-f4cc730f-da5f-4ce1-a46d-c356905cc958-ami-06d71232afbc97393.4
ami-836749ff	bitnami-solr-7.3.0-0-r11-linux-ubuntu-16.04-x86_64-hvm-ebs-mp-f4cc730f-da5f-4ce1-a46d-c356905cc958-ami-0d5acbcfff750bfab.4
ami-1038046c	bitnami-solr-7.3.1-0-r30-linux-ubuntu-16.04-x86_64-hvm-ebs-mp-f4cc730f-da5f-4ce1-a46d-c356905cc958-ami-0bfa7853f7363849d.4
ami-785b2392	bitnami-solr-7.4.0-0-linux-ubuntu-16.04-x86_64-hvm-ebs-mp-f4cc730f-da5f-4ce1-a46d-c356905cc958-ami-0a507e5ff6e3a7e36.4
ami-03157db82dac9cbbd	bitnami-solr-7.4.0-0-r35-linux-ubuntu-16.04-x86_64-hvm-ebs-mp-f4cc730f-da5f-4ce1-a46d-c356905cc958-ami-029d583e6f8b6197c.4
ami-029cb4481da814471	bitnami-solr-7.4.0-1-linux-ubuntu-16.04-x86_64-hvm-ebs-mp-f4cc730f-da5f-4ce1-a46d-c356905cc958-ami-0584053ead6dc1271.4
ami-04e560ea2acf12d84	bitnami-solr-7.5.0-0-r40-linux-ubuntu-16.04-x86_64-hvm-ebs-mp-f4cc730f-da5f-4ce1-a46d-c356905cc958-ami-03df5c358c77a34aa.4
ami-0ebf0b6f48ce1c213	bitnami-solr-7.5.0-1-linux-ubuntu-16.04-x86_64-hvm-ebs-mp-f4cc730f-da5f-4ce1-a46d-c356905cc958-ami-0c13f6f3300945964.4
ami-085289af6fb93a9eb	bitnami-solr-7.6.0-1-r01-linux-ubuntu-16.04-x86_64-hvm-ebs-mp-f4cc730f-da5f-4ce1-a46d-c356905cc958-ami-02c356536dd5146d6.4
ami-076171530bb20ead4	bitnami-solr-8.0.0-0-linux-ubuntu-16.04-x86_64-hvm-ebs-mp-f4cc730f-da5f-4ce1-a46d-c356905cc958-ami-00d360927ce1d6889.4
ami-077d89c843fe4b60a	bitnami-solr-8.0.0-1-linux-ubuntu-16.04-x86_64-hvm-ebs-mp-f4cc730f-da5f-4ce1-a46d-c356905cc958-ami-03f4b4edbed26e9d8.4
ami-02f1c5100f573c5a4	bitnami-solr-8.0.0-1-r50-linux-ubuntu-16.04-x86_64-hvm-ebs-mp-f4cc730f-da5f-4ce1-a46d-c356905cc958-ami-08e08e79a0a29b721.4
ami-04c41f03bef259a5d	bitnami-solr-8.10.0-7-linux-debian-10-x86_64-hvm-ebs-nami-f4cc730f-da5f-4ce1-a46d-c356905cc958
ami-0e5429681cbf60720	bitnami-solr-8.10.1-5-linux-debian-10-x86_64-hvm-ebs-nami-f4cc730f-da5f-4ce1-a46d-c356905cc958
ami-05fb677149ca3e067	bitnami-solr-8.10.1-7-r01-linux-debian-10-x86_64-hvm-ebs-nami-f4cc730f-da5f-4ce1-a46d-c356905cc958
ami-01c4241c2e879e363	bitnami-solr-8.11.0-2-linux-debian-10-x86_64-hvm-ebs-nami-f4cc730f-da5f-4ce1-a46d-c356905cc958
ami-0dca23184ef1c7b8f	bitnami-solr-8.11.0-5-r01-linux-debian-10-x86_64-hvm-ebs-nami-f4cc730f-da5f-4ce1-a46d-c356905cc958
ami-0e99151ad06373282	bitnami-solr-8.11.0-6-r04-linux-debian-10-x86_64-hvm-ebs-nami-f4cc730f-da5f-4ce1-a46d-c356905cc958
ami-0068b378037d69c07	bitnami-solr-8.1.1-0-r56-linux-ubuntu-16.04-x86_64-hvm-ebs-mp-f4cc730f-da5f-4ce1-a46d-c356905cc958-ami-03050f28a354cd686.4
ami-05f4b0da58440dd66	bitnami-solr-8.1.1-1-linux-ubuntu-16.04-x86_64-hvm-ebs-mp-f4cc730f-da5f-4ce1-a46d-c356905cc958-ami-0284d979d2aab15a8.4
ami-065911356bebb78fe	bitnami-solr-8.2.0-0-linux-ubuntu-16.04-x86_64-hvm-ebs-mp-f4cc730f-da5f-4ce1-a46d-c356905cc958-ami-0147ca0d73b9c90f9.4
ami-0484da52d46b7ab93	bitnami-solr-8.2.0-1-linux-ubuntu-16.04-x86_64-hvm-ebs-mp-f4cc730f-da5f-4ce1-a46d-c356905cc958-ami-0bcca73583178a714.4
ami-0756a92e7d3d2a96e	bitnami-solr-8.2.0-2-linux-ubuntu-16.04-x86_64-hvm-ebs-mp-f4cc730f-da5f-4ce1-a46d-c356905cc958-ami-022e40cb304f2bf51.4
ami-03fed21a697c8edc0	bitnami-solr-8.3.0-0-linux-ubuntu-16.04-x86_64-hvm-ebs-mp-f4cc730f-da5f-4ce1-a46d-c356905cc958-ami-08f673b9da003d576.4
ami-0137697335a28e3cc	bitnami-solr-8.3.1-0-linux-ubuntu-16.04-x86_64-hvm-ebs-mp-f4cc730f-da5f-4ce1-a46d-c356905cc958-ami-096fea4b5a42f78c3.4
ami-0fc847bf5fd3d5fc0	bitnami-solr-8.3.1-1-linux-ubuntu-16.04-x86_64-hvm-ebs-mp-f4cc730f-da5f-4ce1-a46d-c356905cc958-ami-021bf8ba6a585610c.4
ami-00b8f6d2251eb3efd	bitnami-solr-8.4.0-0-linux-debian-9-x86_64-hvm-ebs-nami-f4cc730f-da5f-4ce1-a46d-c356905cc958-ami-045e7d4db42541e8a.4
ami-0ef9b174e34dd079f	bitnami-solr-8.4.0-0-linux-ubuntu-16.04-x86_64-hvm-ebs-mp-f4cc730f-da5f-4ce1-a46d-c356905cc958-ami-078866d0cf42f0876.4
ami-0949cce6756652065	bitnami-solr-8.4.0-0-r01-linux-debian-9-x86_64-hvm-ebs-nami-f4cc730f-da5f-4ce1-a46d-c356905cc958-ami-0df57ff3f458d1e69.4
ami-083b4eb7da574a661	bitnami-solr-8.4.1-0-linux-debian-9-x86_64-hvm-ebs-nami-f4cc730f-da5f-4ce1-a46d-c356905cc958-ami-0acf6e89e6b1147b8.4
ami-0f5269faa91072f47	bitnami-solr-8.5.0-0-linux-debian-9-x86_64-hvm-ebs-nami-f4cc730f-da5f-4ce1-a46d-c356905cc958-ami-0a0c6f88515c15e2d.4
ami-0f016ccc89b585a6c	bitnami-solr-8.5.0-2-r01-linux-debian-9-x86_64-hvm-ebs-nami-f4cc730f-da5f-4ce1-a46d-c356905cc958-ami-0e322bddff5d571dc.4
ami-0857b9b7da0e81a97	bitnami-solr-8.5.1-0-linux-debian-9-x86_64-hvm-ebs-nami-f4cc730f-da5f-4ce1-a46d-c356905cc958-ami-061bdec1db6c606a0.4
ami-098f955320dd89c01	bitnami-solr-8.5.1-4-r01-linux-debian-9-x86_64-hvm-ebs-nami-f4cc730f-da5f-4ce1-a46d-c356905cc958-ami-09a8462d596185580.4
ami-0500cae5439b44761	bitnami-solr-8.5.2-0-linux-debian-10-x86_64-hvm-ebs-nami-f4cc730f-da5f-4ce1-a46d-c356905cc958-ami-0d48c37caf5131668.4
ami-041eed33d655167c8	bitnami-solr-8.5.2-1-r01-linux-debian-10-x86_64-hvm-ebs-nami-f4cc730f-da5f-4ce1-a46d-c356905cc958-ami-0c27582a2e6227b31.4
ami-077f163e9df911413	bitnami-solr-8.5.2-1-r02-linux-debian-10-x86_64-hvm-ebs-nami-f4cc730f-da5f-4ce1-a46d-c356905cc958-ami-0d3d9cba745ae50c8.4
ami-045442f8956c1fb32	bitnami-solr-8.6.0-0-linux-debian-10-x86_64-hvm-ebs-nami-f4cc730f-da5f-4ce1-a46d-c356905cc958-ami-059c6a3ac0950065e.4
ami-04fc7e090a49f75cb	bitnami-solr-8.6.0-0-r01-linux-debian-10-x86_64-hvm-ebs-nami-f4cc730f-da5f-4ce1-a46d-c356905cc958-ami-09bd334df4d13a659.4
ami-07627f26e9db8edc5	bitnami-solr-8.6.0-0-r02-linux-debian-10-x86_64-hvm-ebs-nami-f4cc730f-da5f-4ce1-a46d-c356905cc958-ami-015799cb351b0e320.4
ami-0b00ac2cfd4fb816c	bitnami-solr-8.6.0-2-r03-linux-debian-10-x86_64-hvm-ebs-nami-f4cc730f-da5f-4ce1-a46d-c356905cc958-ami-06c2bfd23e3602b34.4
ami-012e61bbd2d61b029	bitnami-solr-8.6.1-0-linux-debian-10-x86_64-hvm-ebs-nami-f4cc730f-da5f-4ce1-a46d-c356905cc958-ami-0136bd22712459306.4
ami-0325145d342a47942	bitnami-solr-8.6.1-0-r01-linux-debian-10-x86_64-hvm-ebs-nami-f4cc730f-da5f-4ce1-a46d-c356905cc958-ami-01444b22b7986938a.4
ami-0bd708cc30abb89bb	bitnami-solr-8.6.2-0-linux-debian-10-x86_64-hvm-ebs-nami-f4cc730f-da5f-4ce1-a46d-c356905cc958-ami-01f7d9ce986477604.4
ami-0f321ea5daecd32c3	bitnami-solr-8.6.3-0-linux-debian-10-x86_64-hvm-ebs-nami-f4cc730f-da5f-4ce1-a46d-c356905cc958-ami-0ffe27907693f31ef.4
ami-0d286d52ef269564d	bitnami-solr-8.7.0-0-linux-debian-10-x86_64-hvm-ebs-nami-f4cc730f-da5f-4ce1-a46d-c356905cc958-ami-0c862b51d5c4fe99a.4
ami-0eb3f6298e0d2f8a5	bitnami-solr-8.7.0-1-r01-linux-debian-10-x86_64-hvm-ebs-nami-f4cc730f-da5f-4ce1-a46d-c356905cc958-ami-05a6457a4cee0586a.4
ami-0ab8854384dd7edc6	bitnami-solr-8.8.0-0-linux-debian-10-x86_64-hvm-ebs-nami-f4cc730f-da5f-4ce1-a46d-c356905cc958
ami-00d4dd580b258d53c	bitnami-solr-8.8.1-0-r01-linux-debian-10-x86_64-hvm-ebs-nami-f4cc730f-da5f-4ce1-a46d-c356905cc958
ami-008078619acde1ad1	bitnami-solr-8.8.2-0-linux-debian-10-x86_64-hvm-ebs-nami-f4cc730f-da5f-4ce1-a46d-c356905cc958
ami-08402584b3da8c8c7	bitnami-solr-8.8.2-4-r04-linux-debian-10-x86_64-hvm-ebs-nami-f4cc730f-da5f-4ce1-a46d-c356905cc958
ami-097876e0b31b474be	bitnami-solr-8.9.0-0-r01-linux-debian-10-x86_64-hvm-ebs-nami-f4cc730f-da5f-4ce1-a46d-c356905cc958
ami-03ed75253cb938905	bitnami-solr-8.9.0-3-r70-linux-debian-10-x86_64-hvm-ebs-nami-f4cc730f-da5f-4ce1-a46d-c356905cc958
ami-0eab3860138c29a44	bitnami-solr-8.9.0-7-r72-linux-debian-10-x86_64-hvm-ebs-nami-f4cc730f-da5f-4ce1-a46d-c356905cc958
ami-0c269bf74c22a35bd	bitnami-solr-8.9.0-8-r73-linux-debian-10-x86_64-hvm-ebs-nami-f4cc730f-da5f-4ce1-a46d-c356905cc958
ami-033cccf97f4379ba6	bitnami-solr-8.9.0-9-r74-linux-debian-10-x86_64-hvm-ebs-nami-f4cc730f-da5f-4ce1-a46d-c356905cc958
ami-d4682e86	bitnami-wordpress-3.3.2-0-linux-ubuntu-12.04-x86_64-ebs-mp-dff9bfa7-e43e-4c06-bafd-756e9d331d18-ami-caee34a3.1
ami-42347510	bitnami-wordpress-3.4-0-linux-ubuntu-12.04-x86_64-ebs-mp-dff9bfa7-e43e-4c06-bafd-756e9d331d18-ami-be45e6d7.1
ami-fc4c0dae	bitnami-wordpress-3.4.1-0-linux-ubuntu-12.04-x86_64-ebs-mp-dff9bfa7-e43e-4c06-bafd-756e9d331d18-ami-365af75f.1
ami-dcb3f08e	bitnami-wordpress-3.4.2-1-linux-ubuntu-12.04.1-x86_64-ebs-mp-dff9bfa7-e43e-4c06-bafd-756e9d331d18-ami-169c277f.1
ami-90c684c2	bitnami-wordpress-3.5-0-linux-ubuntu-12.04.1-x86_64-ebs-mp-dff9bfa7-e43e-4c06-bafd-756e9d331d18-ami-ef70f286.1
ami-a0ace1f2	bitnami-wordpress-3.5.1-0-linux-ubuntu-12.04.1-x86_64-ebs-mp-dff9bfa7-e43e-4c06-bafd-756e9d331d18-ami-7f57c216.1
ami-ab2e61f9	bitnami-wordpress-3.5.1-1-linux-ubuntu-12.04.1-x86_64-ebs-mp-dff9bfa7-e43e-4c06-bafd-756e9d331d18-ami-82c854eb.1
ami-0e4d045c	bitnami-wordpress-3.5.1-2-linux-ubuntu-12.04.2-x86_64-ebs-mp-dff9bfa7-e43e-4c06-bafd-756e9d331d18-ami-cf610fa6.1
ami-02bef750	bitnami-wordpress-3.5.2-0-linux-ubuntu-12.04.2-x86_64-ebs-mp-dff9bfa7-e43e-4c06-bafd-756e9d331d18-ami-831f6cea.1
ami-62b6fd30	bitnami-wordpress-3.6.1-0-linux-ubuntu-12.04.2-x86_64-ebs-mp-dff9bfa7-e43e-4c06-bafd-756e9d331d18-ami-b9ace5d0.2
ami-c4085f96	bitnami-wordpress-3.7.1-0-linux-ubuntu-12.04.3-x86_64-ebs-mp-dff9bfa7-e43e-4c06-bafd-756e9d331d18-ami-9decb2f4.2
ami-6a9fc938	bitnami-wordpress-3.8-0-linux-ubuntu-12.04.3-x86_64-ebs-mp-dff9bfa7-e43e-4c06-bafd-756e9d331d18-ami-c57957ac.2
ami-5c77240e	bitnami-wordpress-3.8.2-0-linux-ubuntu-12.04.3-x86_64-ebs-mp-dff9bfa7-e43e-4c06-bafd-756e9d331d18-ami-776e711e.2
ami-aad98bf8	bitnami-wordpress-3.9-0-linux-ubuntu-12.04.3-x86_64-ebs-mp-dff9bfa7-e43e-4c06-bafd-756e9d331d18-ami-e3071c8a.2
ami-482e711a	bitnami-wordpress-3.9.1-0-linux-ubuntu-12.04.4-x86_64-ebs-mp-dff9bfa7-e43e-4c06-bafd-756e9d331d18-ami-0a4fa362.2
ami-fe2c08ac	bitnami-wordpress-4.0-0-linux-ubuntu-14.04.1-x86_64-ebs-mp-dff9bfa7-e43e-4c06-bafd-756e9d331d18-ami-c0c061a8.2
ami-a83e3dfa	bitnami-wordpress-4.2.2-2-linux-ubuntu-14.04.1-x86_64-ebs-mp-dff9bfa7-e43e-4c06-bafd-756e9d331d18-ami-7932fa12.2
ami-a2cac6f0	bitnami-wordpress-4.2.3-0-linux-ubuntu-14.04.1-x86_64-ebs-mp-dff9bfa7-e43e-4c06-bafd-756e9d331d18-ami-47538c2c.2
ami-00d5da52	bitnami-wordpress-4.2.4-0-linux-ubuntu-14.04.1-x86_64-ebs-mp-dff9bfa7-e43e-4c06-bafd-756e9d331d18-ami-39d17252.2
ami-2c979c7e	bitnami-wordpress-4.3-0-linux-ubuntu-14.04.1-x86_64-ebs-mp-dff9bfa7-e43e-4c06-bafd-756e9d331d18-ami-2f3c8c44.2
ami-ac9285fe	bitnami-wordpress-4.3.1-0-linux-ubuntu-14.04.1-x86_64-ebs-mp-dff9bfa7-e43e-4c06-bafd-756e9d331d18-ami-db3d4bbe.2
ami-ffbe7f9c	bitnami-wordpress-4.3.1-1-linux-ubuntu-14.04.1-x86_64-ebs-mp-dff9bfa7-e43e-4c06-bafd-756e9d331d18-ami-170d487d.3
ami-62f03301	bitnami-wordpress-4.4-0-linux-ubuntu-14.04.3-x86_64-ebs-mp-dff9bfa7-e43e-4c06-bafd-756e9d331d18-ami-53682139.3
ami-11f43a72	bitnami-wordpress-4.4.2-1-linux-ubuntu-14.04.3-x86_64-hvm-ebs-mp-7d426cb7-9522-4dd7-a56b-55dd8cc1c8d0-ami-442a022e.3
ami-5af83139	bitnami-wordpress-4.4.2-1-r04-linux-ubuntu-14.04.3-x86_64-ebs-mp-dff9bfa7-e43e-4c06-bafd-756e9d331d18-ami-8591a0ef.3
ami-04f93067	bitnami-wordpress-4.4.2-1-r04-linux-ubuntu-14.04.3-x86_64-hvm-ebs-mp-7d426cb7-9522-4dd7-a56b-55dd8cc1c8d0-ami-1692a37c.3
ami-9ef830fd	bitnami-wordpress-4.4.2-2-linux-ubuntu-14.04.3-x86_64-ebs-mp-dff9bfa7-e43e-4c06-bafd-756e9d331d18-ami-f08ab59a.3
ami-5bf13938	bitnami-wordpress-4.4.2-2-linux-ubuntu-14.04.3-x86_64-hvm-ebs-mp-7d426cb7-9522-4dd7-a56b-55dd8cc1c8d0-ami-9b88b7f1.3
ami-07e63364	bitnami-wordpress-4.4.2-3-linux-ubuntu-14.04.3-x86_64-ebs-mp-dff9bfa7-e43e-4c06-bafd-756e9d331d18-ami-ea727780.3
ami-dce336bf	bitnami-wordpress-4.4.2-3-linux-ubuntu-14.04.3-x86_64-hvm-ebs-mp-7d426cb7-9522-4dd7-a56b-55dd8cc1c8d0-ami-0b737661.3
ami-003deb63	bitnami-wordpress-4.5.2-0-linux-ubuntu-14.04.3-x86_64-ebs-mp-dff9bfa7-e43e-4c06-bafd-756e9d331d18-ami-79df3214.3
ami-f622f495	bitnami-wordpress-4.5.2-0-linux-ubuntu-14.04.3-x86_64-hvm-ebs-mp-7d426cb7-9522-4dd7-a56b-55dd8cc1c8d0-ami-e7dd308a.3
ami-b4c11cd7	bitnami-wordpress-4.5.2-1-linux-ubuntu-14.04.3-x86_64-ebs-mp-dff9bfa7-e43e-4c06-bafd-756e9d331d18-ami-f340879e.3
ami-6dc71a0e	bitnami-wordpress-4.5.2-1-linux-ubuntu-14.04.3-x86_64-hvm-ebs-mp-7d426cb7-9522-4dd7-a56b-55dd8cc1c8d0-ami-54408739.3
ami-d7ce11b4	bitnami-wordpress-4.5.3-0-r15-linux-ubuntu-14.04.3-x86_64-ebs-mp-dff9bfa7-e43e-4c06-bafd-756e9d331d18-ami-12058c05.3
ami-0ace1169	bitnami-wordpress-4.5.3-0-r15-linux-ubuntu-14.04.3-x86_64-hvm-ebs-mp-7d426cb7-9522-4dd7-a56b-55dd8cc1c8d0-ami-55179e42.3
ami-36d90155	bitnami-wordpress-4.5.3-1-r17-linux-ubuntu-14.04.3-x86_64-ebs-mp-dff9bfa7-e43e-4c06-bafd-756e9d331d18-ami-c44124d3.3
ami-f3dd0590	bitnami-wordpress-4.5.3-1-r17-linux-ubuntu-14.04.3-x86_64-hvm-ebs-mp-7d426cb7-9522-4dd7-a56b-55dd8cc1c8d0-ami-fa4d28ed.3
ami-d455f4b7	bitnami-wordpress-4.6.1-5-linux-ubuntu-14.04.3-x86_64-hvm-ebs-mp-7d426cb7-9522-4dd7-a56b-55dd8cc1c8d0-ami-49075b5e.3
ami-46518a25	bitnami-wordpress-4.6-1-r21-linux-ubuntu-14.04.3-x86_64-ebs-mp-dff9bfa7-e43e-4c06-bafd-756e9d331d18-ami-51493c46.3
ami-89508bea	bitnami-wordpress-4.6-1-r21-linux-ubuntu-14.04.3-x86_64-hvm-ebs-mp-7d426cb7-9522-4dd7-a56b-55dd8cc1c8d0-ami-87bdc890.3
ami-c3f75fa0	bitnami-wordpress-4.7-0-linux-ubuntu-14.04.3-x86_64-ebs-mp-dff9bfa7-e43e-4c06-bafd-756e9d331d18-ami-8897979f.3
ami-96d67ef5	bitnami-wordpress-4.7-0-linux-ubuntu-14.04.3-x86_64-hvm-ebs-mp-7d426cb7-9522-4dd7-a56b-55dd8cc1c8d0-ami-a59999b2.3
ami-77c47114	bitnami-wordpress-4.7.1-1-linux-ubuntu-14.04.3-x86_64-ebs-mp-dff9bfa7-e43e-4c06-bafd-756e9d331d18-ami-fe957de8.3
ami-2cdb6e4f	bitnami-wordpress-4.7.1-1-linux-ubuntu-14.04.3-x86_64-hvm-ebs-mp-7d426cb7-9522-4dd7-a56b-55dd8cc1c8d0-ami-53967e45.3
ami-71c57212	bitnami-wordpress-4.7.2-0-linux-ubuntu-14.04.3-x86_64-hvm-ebs-mp-7d426cb7-9522-4dd7-a56b-55dd8cc1c8d0-ami-bce113aa.4
ami-de318cbd	bitnami-wordpress-4.7.3-0-linux-ubuntu-14.04.3-x86_64-ebs-mp-dff9bfa7-e43e-4c06-bafd-756e9d331d18-ami-6cac0a7a.4
ami-ba0db0d9	bitnami-wordpress-4.7.3-0-linux-ubuntu-14.04.3-x86_64-hvm-ebs-mp-7d426cb7-9522-4dd7-a56b-55dd8cc1c8d0-ami-00aa0c16.4
ami-26f77045	bitnami-wordpress-4.7.4-0-linux-ubuntu-14.04.3-x86_64-ebs-mp-dff9bfa7-e43e-4c06-bafd-756e9d331d18-ami-3abd252c.4
ami-d00c88b3	bitnami-wordpress-4.7.4-0-linux-ubuntu-14.04.3-x86_64-hvm-ebs-mp-7d426cb7-9522-4dd7-a56b-55dd8cc1c8d0-ami-79bd256f.4
ami-b6aa3dd5	bitnami-wordpress-4.8-0-linux-ubuntu-14.04-x86_64-ebs-mp-dff9bfa7-e43e-4c06-bafd-756e9d331d18-ami-787f5a6e.4
ami-3ba93e58	bitnami-wordpress-4.8-0-linux-ubuntu-14.04-x86_64-hvm-ebs-mp-7d426cb7-9522-4dd7-a56b-55dd8cc1c8d0-ami-87795c91.4
ami-2967124a	bitnami-wordpress-4.8.1-0-linux-ubuntu-14.04-x86_64-ebs-mp-dff9bfa7-e43e-4c06-bafd-756e9d331d18-ami-b1efccca.4
ami-ef63168c	bitnami-wordpress-4.8.1-0-linux-ubuntu-14.04-x86_64-hvm-ebs-mp-7d426cb7-9522-4dd7-a56b-55dd8cc1c8d0-ami-b0efcccb.4
ami-4d66342e	bitnami-wordpress-4.9-0-linux-ubuntu-14.04-x86_64-ebs-mp-dff9bfa7-e43e-4c06-bafd-756e9d331d18-ami-19ad2d63.4
ami-cf6634ac	bitnami-wordpress-4.9-0-linux-ubuntu-14.04-x86_64-hvm-ebs-mp-7d426cb7-9522-4dd7-a56b-55dd8cc1c8d0-ami-72ad2d08.4
ami-7a1b7706	bitnami-wordpress-4.9.1-0-linux-ubuntu-14.04-x86_64-ebs-mp-dff9bfa7-e43e-4c06-bafd-756e9d331d18-ami-665fc11c.4
ami-c8016db4	bitnami-wordpress-4.9.1-0-linux-ubuntu-14.04-x86_64-hvm-ebs-mp-7d426cb7-9522-4dd7-a56b-55dd8cc1c8d0-ami-0358c679.4
ami-ebef9497	bitnami-wordpress-4.9.2-0-r02-linux-ubuntu-16.04-x86_64-hvm-ebs-mp-7d426cb7-9522-4dd7-a56b-55dd8cc1c8d0-ami-4592a13f.4
ami-919cdeed	bitnami-wordpress-4.9.4-2-linux-ubuntu-16.04-x86_64-hvm-ebs-mp-7d426cb7-9522-4dd7-a56b-55dd8cc1c8d0-ami-84edfffe.4
ami-e2b9ee9e	bitnami-wordpress-4.9.4-5-linux-ubuntu-16.04-x86_64-hvm-ebs-mp-7d426cb7-9522-4dd7-a56b-55dd8cc1c8d0-ami-0884226995c77ff97.4
ami-e1644a9d	bitnami-wordpress-4.9.5-0-r11-linux-ubuntu-16.04-x86_64-hvm-ebs-mp-7d426cb7-9522-4dd7-a56b-55dd8cc1c8d0-ami-01187cd4953c1d933.4
ami-f8370b84	bitnami-wordpress-4.9.6-0-r30-linux-ubuntu-16.04-x86_64-hvm-ebs-mp-7d426cb7-9522-4dd7-a56b-55dd8cc1c8d0-ami-020be7ead5f3ecae7.4
ami-08d9d428cc5b74b81	bitnami-wordpress-4.9.8-0-r35-linux-ubuntu-16.04-x86_64-hvm-ebs-mp-7d426cb7-9522-4dd7-a56b-55dd8cc1c8d0-ami-06fa809d35c8fb355.4
ami-03d173ae853710c63	bitnami-wordpress-4.9.8-3-linux-ubuntu-16.04-x86_64-hvm-ebs-mp-7d426cb7-9522-4dd7-a56b-55dd8cc1c8d0-ami-0ad508dc32ff0b5d3.4
ami-0769304a63666e7a3	bitnami-wordpress-5.0.2-1-linux-ubuntu-16.04-x86_64-hvm-ebs-mp-7d426cb7-9522-4dd7-a56b-55dd8cc1c8d0-ami-006a7d8402f0b47b5.4
ami-07c5d6c36bc98ea01	bitnami-wordpress-5.0.3-2-linux-ubuntu-16.04-x86_64-hvm-ebs-mp-7d426cb7-9522-4dd7-a56b-55dd8cc1c8d0-ami-05c8f80d7d87b2a36.4
ami-0ce0aa79c7549755b	bitnami-wordpress-5.1.1-0-linux-ubuntu-16.04-x86_64-hvm-ebs-mp-7d426cb7-9522-4dd7-a56b-55dd8cc1c8d0-ami-0b00ada937971de92.4
ami-085f10183e603d736	bitnami-wordpress-5.1.1-1-linux-ubuntu-16.04-x86_64-hvm-ebs-mp-7d426cb7-9522-4dd7-a56b-55dd8cc1c8d0-ami-0cbb12c0466a59bc6.4
ami-0630297e7771ce447	bitnami-wordpress-5.1.1-2-linux-ubuntu-16.04-x86_64-hvm-ebs-mp-7d426cb7-9522-4dd7-a56b-55dd8cc1c8d0-ami-0c3fc5a4c29f0e5ac.4
ami-0eac7983b7fe8a1b0	bitnami-wordpress-5.2.1-0-linux-ubuntu-16.04-x86_64-hvm-ebs-mp-7d426cb7-9522-4dd7-a56b-55dd8cc1c8d0-ami-0586c0df81186d854.4
ami-0b43a4239c44f4519	bitnami-wordpress-5.2-1-r50-linux-ubuntu-16.04-x86_64-hvm-ebs-mp-7d426cb7-9522-4dd7-a56b-55dd8cc1c8d0-ami-0efdf87c0d2e403c3.4
ami-0a40efd5228d5c9a1	bitnami-wordpress-5.2.2-0-r56-linux-ubuntu-16.04-x86_64-hvm-ebs-mp-7d426cb7-9522-4dd7-a56b-55dd8cc1c8d0-ami-05437dcccb1ceb5c8.4
ami-0a45cb60cb2908963	bitnami-wordpress-5.2.2-3-linux-ubuntu-16.04-x86_64-hvm-ebs-mp-7d426cb7-9522-4dd7-a56b-55dd8cc1c8d0-ami-0b1c96919b3519055.4
ami-0aa0a4f62bfe77c55	bitnami-wordpress-5.2.3-0-linux-ubuntu-16.04-x86_64-hvm-ebs-mp-7d426cb7-9522-4dd7-a56b-55dd8cc1c8d0-ami-0a5b373f9d35e5f74.4
ami-03bb759eb92eddcbf	bitnami-wordpress-5.2.3-1-linux-ubuntu-16.04-x86_64-hvm-ebs-mp-7d426cb7-9522-4dd7-a56b-55dd8cc1c8d0-ami-0e1ad2561f7ffda23.4
ami-00ab9f714395f96d0	bitnami-wordpress-5.2.4-0-linux-ubuntu-16.04-x86_64-hvm-ebs-mp-7d426cb7-9522-4dd7-a56b-55dd8cc1c8d0-ami-02ba29b9ccc13e20f.4
ami-01557f68e0493901f	bitnami-wordpress-5.2.4-1-linux-ubuntu-16.04-x86_64-hvm-ebs-mp-7d426cb7-9522-4dd7-a56b-55dd8cc1c8d0-ami-03ba430225e6514c7.4
ami-02bb9f5d8c3e31b8c	bitnami-wordpress-5.3-0-linux-ubuntu-16.04-x86_64-hvm-ebs-mp-7d426cb7-9522-4dd7-a56b-55dd8cc1c8d0-ami-084872db8ddf392fa.4
ami-0de460770a0862a55	bitnami-wordpress-5.3.1-0-linux-ubuntu-16.04-x86_64-hvm-ebs-mp-7d426cb7-9522-4dd7-a56b-55dd8cc1c8d0-ami-040ecf247a77fde1f.4
ami-07a95ca4d8ddaaded	bitnami-wordpress-5.3.2-0-linux-ubuntu-16.04-x86_64-hvm-ebs-mp-7d426cb7-9522-4dd7-a56b-55dd8cc1c8d0-ami-0b576c1765133211f.4
ami-0f67acbf94ea8a763	bitnami-wordpress-5.3.2-1-linux-ubuntu-16.04-x86_64-hvm-ebs-mp-7d426cb7-9522-4dd7-a56b-55dd8cc1c8d0-ami-065c3870ba8d07fd0.4
ami-086f206b5d4fec34f	bitnami-wordpress-5.3.2-2-linux-ubuntu-16.04-x86_64-hvm-ebs-mp-7d426cb7-9522-4dd7-a56b-55dd8cc1c8d0-ami-0380f8cbf7ffbf44a.4
ami-01bf06117ce9414bf	bitnami-wordpress-5.3.2-3-linux-ubuntu-16.04-x86_64-hvm-ebs-mp-7d426cb7-9522-4dd7-a56b-55dd8cc1c8d0-ami-06a0f765841cb664f.4
ami-0f7472013b292ef6a	bitnami-wordpress-5.4-0-linux-ubuntu-16.04-x86_64-hvm-ebs-mp-7d426cb7-9522-4dd7-a56b-55dd8cc1c8d0-ami-0557267180fc255fe.4
ami-00c23c53bb226e680	bitnami-wordpress-5.4.1-0-linux-ubuntu-16.04-x86_64-hvm-ebs-mp-7d426cb7-9522-4dd7-a56b-55dd8cc1c8d0-ami-0b064ff338e28454f.4
ami-0b1f03b6dcfaa4035	bitnami-wordpress-5.4.1-0-r01-linux-debian-10-x86_64-hvm-ebs-7d426cb7-9522-4dd7-a56b-55dd8cc1c8d0-ami-08a1c3319695d22ec.4
ami-029986253f829a974	bitnami-wordpress-5.4.1-0-r02-linux-debian-10-x86_64-hvm-ebs-7d426cb7-9522-4dd7-a56b-55dd8cc1c8d0-ami-003e4cf91c0866756.4
ami-071f6872cbbe3c43d	bitnami-wordpress-5.4-1-linux-ubuntu-16.04-x86_64-hvm-ebs-mp-7d426cb7-9522-4dd7-a56b-55dd8cc1c8d0-ami-0490f5b84e0b7154f.4
ami-04b8e20d32da8c97d	bitnami-wordpress-5.4.2-0-linux-debian-10-x86_64-hvm-ebs-7d426cb7-9522-4dd7-a56b-55dd8cc1c8d0-ami-0791e9a9968634021.4
ami-0a42549db59486fbc	bitnami-wordpress-5.4.2-1-linux-debian-10-x86_64-hvm-ebs-7d426cb7-9522-4dd7-a56b-55dd8cc1c8d0-ami-01d50ebc11ce4a9f9.4
ami-0db15e68a2ce145db	bitnami-wordpress-5.4.2-2-linux-debian-10-x86_64-hvm-ebs-7d426cb7-9522-4dd7-a56b-55dd8cc1c8d0-ami-089352802d17d3b31.4
ami-05a61289e7953d577	bitnami-wordpress-5.5-0-linux-debian-10-x86_64-hvm-ebs-7d426cb7-9522-4dd7-a56b-55dd8cc1c8d0-ami-0992aa883aea2dbb2.4
ami-048eeb205c73c9722	bitnami-wordpress-5.5.1-0-linux-debian-10-x86_64-hvm-ebs-7d426cb7-9522-4dd7-a56b-55dd8cc1c8d0-ami-06dd595c4559434b3.4
ami-0a6f75875aaa4917a	bitnami-wordpress-5.5.1-1-linux-debian-10-x86_64-hvm-ebs-7d426cb7-9522-4dd7-a56b-55dd8cc1c8d0-ami-001ef95051ab0a091.4
ami-0caae6a56c158f45e	bitnami-wordpress-5.5.1-2-linux-debian-10-x86_64-hvm-ebs-7d426cb7-9522-4dd7-a56b-55dd8cc1c8d0-ami-0282007df925e3079.4
ami-0d298485296990692	bitnami-wordpress-5.5-1-linux-debian-10-x86_64-hvm-ebs-7d426cb7-9522-4dd7-a56b-55dd8cc1c8d0-ami-0e84fdc0735f26467.4
ami-0b97d146d5e2bbbce	bitnami-wordpress-5.5.2-0-linux-debian-10-x86_64-hvm-ebs-7d426cb7-9522-4dd7-a56b-55dd8cc1c8d0-ami-098c3de3527026553.4
ami-0d244ffade6dee4ad	bitnami-wordpress-5.5.3-0-linux-debian-10-x86_64-hvm-ebs-7d426cb7-9522-4dd7-a56b-55dd8cc1c8d0-ami-0596183411f7a9400.4
ami-040d1f227f196ad22	bitnami-wordpress-5.5.3-1-linux-debian-10-x86_64-hvm-ebs-7d426cb7-9522-4dd7-a56b-55dd8cc1c8d0-ami-0025308637161f305.4
ami-0962806a597d57466	bitnami-wordpress-5.6-0-linux-debian-10-x86_64-hvm-ebs-7d426cb7-9522-4dd7-a56b-55dd8cc1c8d0-ami-05bb13389b5d8cb2e.4
ami-0c4a78b0b43134ed9	bitnami-wordpress-5.6.1-0-linux-debian-10-x86_64-hvm-ebs-7d426cb7-9522-4dd7-a56b-55dd8cc1c8d0
ami-0ea25889df308f1d6	bitnami-wordpress-5.6.1-1-linux-debian-10-x86_64-hvm-ebs-7d426cb7-9522-4dd7-a56b-55dd8cc1c8d0
ami-0353f84f0a62d3c5b	bitnami-wordpress-5.6.2-0-linux-debian-10-x86_64-hvm-ebs-7d426cb7-9522-4dd7-a56b-55dd8cc1c8d0
ami-022b46d404b6f3f31	bitnami-wordpress-5.6-3-r33-linux-debian-10-x86_64-hvm-ebs-7d426cb7-9522-4dd7-a56b-55dd8cc1c8d0-ami-02dbdaf650fd4a9e7.4
ami-06356996a2dd49779	bitnami-wordpress-5.7-0-linux-debian-10-x86_64-hvm-ebs-7d426cb7-9522-4dd7-a56b-55dd8cc1c8d0
ami-07aad35843e63d1c5	bitnami-wordpress-5.7.1-0-linux-debian-10-x86_64-hvm-ebs-7d426cb7-9522-4dd7-a56b-55dd8cc1c8d0
ami-098b6dd06dfa2a7f2	bitnami-wordpress-5.7.1-1-linux-debian-10-x86_64-hvm-ebs-7d426cb7-9522-4dd7-a56b-55dd8cc1c8d0
ami-05684552957275a33	bitnami-wordpress-5.7.1-9-r05-linux-debian-10-x86_64-hvm-ebs-nami-7d426cb7-9522-4dd7-a56b-55dd8cc1c8d0
ami-0c3daa2a294a4e9e2	bitnami-wordpress-5.7-2-linux-debian-10-x86_64-hvm-ebs-7d426cb7-9522-4dd7-a56b-55dd8cc1c8d0
ami-aea582fc	CentOS 7 x86_64 (2014_09_29) EBS HVM-b7ee8a69-ee97-4a49-9e68-afaee216db2e-ami-d2a117ba.2
ami-06df02e8b67a23719	CentOS8_19Q4-a5997898-cf81-4853-90a2-5d7abfeb2740-ami-07d1baa8f299b57e0.4
ami-106aa373	CentOS Linux 6 x86_64 HVM EBS 1602-74e73035-3435-48d6-88e0-89cc02ad83ee-ami-21e6d54b.3
ami-f068a193	CentOS Linux 7 x86_64 HVM EBS 1602-b7ee8a69-ee97-4a49-9e68-afaee216db2e-ami-d7e1d2bd.3
ami-7d2eab1e	CentOS Linux 7 x86_64 HVM EBS 1704_01-b7ee8a69-ee97-4a49-9e68-afaee216db2e-ami-d52f5bc3.4
ami-1fbad07c	CentOS Linux 7 x86_64 HVM EBS 1708_01-b7ee8a69-ee97-4a49-9e68-afaee216db2e-ami-0d8f9576.4
ami-d2fa88ae	CentOS Linux 7 x86_64 HVM EBS 1801_01-b7ee8a69-ee97-4a49-9e68-afaee216db2e-ami-0a537770.4
ami-2a7b6b78	CentOS Linux 7 x86_64 HVM EBS 20150928_01-b7ee8a69-ee97-4a49-9e68-afaee216db2e-ami-69327e0c.2
ami-010f2be23e9b10c9d	converzia-aws
ami-0941b4e2b7676f712	Frontline R-CENTOS8-V2.0.1-a5997898-cf81-4853-90a2-5d7abfeb2740
ami-0c69168da522f2c98	Hindu-MongoDB-App_Migration_25032020
ami-037c4ee186e9aaa5e	Hindu-MySQL-Prod_10042020
ami-08da8a79f552d0f19	Hindu-Tablet-BL_Migration
ami-0df424498079f62f4	i-0ecf20878897e2d90 (Gitlab.ninestars.in)
ami-de1c4f8c	Jaspersoft GS-668ae23a-0542-46d4-9267-342a54b2108a-ami-bfbfa2d6.2
ami-05d9e9131e2a4d396	Luxamour-30082021
ami-f92f929a	MariaDB-10.1.22-Ubuntu-16.04-x86_64-9733267c-73ae-43d1-9159-c6205da21e72-ami-567ccf40.4
ami-54a28506	OpenVPN Access Server 2.0.10-fe8020db-5343-4c43-9e65-5ed4a825c931-ami-feba0c96.2
ami-9f0728cd	OpenVPN Access Server 2.0.11-fe8020db-5343-4c43-9e65-5ed4a825c931-ami-10721478.2
ami-be8da6ec	OpenVPN Access Server 2.0.12-fe8020db-5343-4c43-9e65-5ed4a825c931-ami-04ebae6c.2
ami-a6221ef4	OpenVPN Access Server 2.0.17-fe8020db-5343-4c43-9e65-5ed4a825c931-ami-0e868466.2
ami-365c5764	OpenVPN Access Server 2.0.20-fe8020db-5343-4c43-9e65-5ed4a825c931-ami-6fef5804.2
ami-d9519cba	OpenVPN Access Server 2.0.24-fe8020db-5343-4c43-9e65-5ed4a825c931-ami-783b6312.3
ami-397eb55a	OpenVPN Access Server 2.0.25-fe8020db-5343-4c43-9e65-5ed4a825c931-ami-db5269b1.3
ami-32469051	OpenVPN Access Server 2.1.0-fe8020db-5343-4c43-9e65-5ed4a825c931-ami-7ab25917.3
ami-5cbb693f	OpenVPN Access Server 2.1.1-fe8020db-5343-4c43-9e65-5ed4a825c931-ami-ede82a80.3
ami-5fa37c3c	OpenVPN Access Server 2.1.3-fe8020db-5343-4c43-9e65-5ed4a825c931-ami-5d4ec54a.3
ami-d72a8cb4	OpenVPN Access Server 2.1.4-fe8020db-5343-4c43-9e65-5ed4a825c931-ami-bc3566ab.3
ami-81d75de2	OpenVPN Access Server 2.1.9-fe8020db-5343-4c43-9e65-5ed4a825c931-ami-d7576bc1.4
ami-10277a6c	OpenVPN Access Server 2.5.0-fe8020db-5343-4c43-9e65-5ed4a825c931-ami-548e4429.4
ami-035ef08dc36f180aa	OpenVPN Access Server 2.5.2-fe8020db-5343-4c43-9e65-5ed4a825c931-ami-02aeb3fe25dbbe45a.4
ami-0f577a5d63efa547e	OpenVPN Access Server 2.5.2-fe8020db-5343-4c43-9e65-5ed4a825c931-ami-045bed224b08637c0.4
ami-0f6d388668f887bfd	OpenVPN Access Server 2.6.1-fe8020db-5343-4c43-9e65-5ed4a825c931-ami-09ced24e249f6121a.4
ami-03e2781e8f0ee0d66	OpenVPN Access Server 2.6.1-fe8020db-5343-4c43-9e65-5ed4a825c931-ami-0f5d312e085235ed4.4
ami-05f71a611e1c713a6	OpenVPN Access Server 2.7.4-fe8020db-5343-4c43-9e65-5ed4a825c931-ami-0ba54d2ef9317075a.4
ami-086b2468bd6cf03ae	OpenVPN Access Server 2.7.5-fe8020db-5343-4c43-9e65-5ed4a825c931-ami-0c56f53c16ad84dcd.4
ami-036300efa43acca73	R-CENTOS8-V2.0.1-a5997898-cf81-4853-90a2-5d7abfeb2740-ami-0d2d342d23fe056e2.4
ami-6c40e70f	Ubuntu Desktop 16.04LTS-160907-161009 (HVM EBS x86_64)-c9fb6fd1-b4fc-4ed8-8f24-37a26311596a-ami-b5632ba2.3
ami-0f0ba06c	Ubuntu Desktop 16.04LTS-161214-170114 (HVM EBS x86_64)-c9fb6fd1-b4fc-4ed8-8f24-37a26311596a-ami-eb628ffd.3
ami-021afe8a9fbbc1d09	Ubuntu Desktop 16.04LTS-180627-180802 (HVM EBS x86_64)-c9fb6fd1-b4fc-4ed8-8f24-37a26311596a-ami-843527fb.4
ami-05b737edc9d0baedd	Ubuntu Desktop 16.04LTS-200916-201003 (HVM EBS x86_64)-c9fb6fd1-b4fc-4ed8-8f24-37a26311596a-ami-0087183d378dbf60c.4
ami-944167c6	ubuntu/images/ebs-ssd/ubuntu-precise-12.04-amd64-server-20140927-5cc062dc-4b61-4424-bc43-416e51483a1f-ami-3acc7a52.2
ami-aec1ebfc	ubuntu/images/ebs-ssd/ubuntu-precise-12.04-amd64-server-20150127-5cc062dc-4b61-4424-bc43-416e51483a1f-ami-fcbbff94.2
ami-44715716	ubuntu/images/ebs-ssd/ubuntu-trusty-14.04-amd64-server-20140927-ecd5575e-d805-450e-843e-f2a9872b8c80-ami-98aa1cf0.2
ami-bac1ebe8	ubuntu/images/ebs-ssd/ubuntu-trusty-14.04-amd64-server-20150123-ecd5575e-d805-450e-843e-f2a9872b8c80-ami-84562dec.2
ami-be5794dd	ubuntu/images/ebs-ssd/ubuntu-trusty-14.04-amd64-server-20151117-ecd5575e-d805-450e-843e-f2a9872b8c80-ami-0a8acf60.3
ami-476ee424	ubuntu/images/ebs-ssd/ubuntu-trusty-14.04-amd64-server-20170619-ecd5575e-d805-450e-843e-f2a9872b8c80-ami-b7143ba1.4
ami-f6d94295	ubuntu/images/ebs-ssd/ubuntu-trusty-14.04-amd64-server-20170803-ecd5575e-d805-450e-843e-f2a9872b8c80-ami-599bb422.4
ami-9d8ddffe	ubuntu/images/ebs-ssd/ubuntu-trusty-14.04-amd64-server-20171115.1-ecd5575e-d805-450e-843e-f2a9872b8c80-ami-299c1e53.4
ami-744b3908	ubuntu/images/ebs-ssd/ubuntu-trusty-14.04-amd64-server-20180110-ecd5575e-d805-450e-843e-f2a9872b8c80-ami-1ce6be66.4
ami-840540f8	ubuntu/images/ebs-ssd/ubuntu-trusty-14.04-amd64-server-20180122-ecd5575e-d805-450e-843e-f2a9872b8c80-ami-90c8feea.4
ami-8e4f05f2	ubuntu/images/ebs-ssd/ubuntu-trusty-14.04-amd64-server-20180222.1-ecd5575e-d805-450e-843e-f2a9872b8c80-ami-0dc62470.4
ami-f92b1f85	ubuntu/images/ebs-ssd/ubuntu-trusty-14.04-amd64-server-20180423-ecd5575e-d805-450e-843e-f2a9872b8c80-ami-d3cd79ac.4
ami-2a350c56	ubuntu/images/ebs-ssd/ubuntu-trusty-14.04-amd64-server-20180522-ecd5575e-d805-450e-843e-f2a9872b8c80-ami-bc1570c3.4
ami-ca0aaba9	ubuntu/images/ebs/ubuntu-precise-12.04-amd64-server-20161020.1-5cc062dc-4b61-4424-bc43-416e51483a1f-ami-a488dbb3.3
ami-8fae00ec	ubuntu/images/ebs/ubuntu-precise-12.04-amd64-server-20161205-5cc062dc-4b61-4424-bc43-416e51483a1f-ami-f7696ee0.3
ami-3f2a9b5c	ubuntu/images/ebs/ubuntu-precise-12.04-amd64-server-20170221-5cc062dc-4b61-4424-bc43-416e51483a1f-ami-8b10c19d.4
ami-cf64d7ac	ubuntu/images/ebs/ubuntu-precise-12.04-amd64-server-20170307-5cc062dc-4b61-4424-bc43-416e51483a1f-ami-f59e3fe3.4
ami-9809a8fb	ubuntu/images/ebs/ubuntu-trusty-14.04-amd64-server-20161020-ecd5575e-d805-450e-843e-f2a9872b8c80-ami-a15e0db6.3
ami-acac02cf	ubuntu/images/ebs/ubuntu-trusty-14.04-amd64-server-20161213-ecd5575e-d805-450e-843e-f2a9872b8c80-ami-01c5ca16.3
ami-f3289990	ubuntu/images/ebs/ubuntu-trusty-14.04-amd64-server-20170222-ecd5575e-d805-450e-843e-f2a9872b8c80-ami-712dfc67.4
ami-4469da27	ubuntu/images/ebs/ubuntu-trusty-14.04-amd64-server-20170307-ecd5575e-d805-450e-843e-f2a9872b8c80-ami-9fde7f89.4
ami-c479c7a7	ubuntu/images/ebs/ubuntu-trusty-14.04-amd64-server-20170405-ecd5575e-d805-450e-843e-f2a9872b8c80-ami-6324a775.4
ami-76715724	ubuntu/images/hvm-ssd/ubuntu-trusty-14.04-amd64-server-20140927-bb634ce9-ed92-47ac-a3dc-66e8ab3aaf75-ami-9eaa1cf6.2
ami-36c6ec64	ubuntu/images/hvm-ssd/ubuntu-trusty-14.04-amd64-server-20150123-bb634ce9-ed92-47ac-a3dc-66e8ab3aaf75-ami-9a562df2.2
ami-2855964b	ubuntu/images/hvm-ssd/ubuntu-trusty-14.04-amd64-server-20151117-bb634ce9-ed92-47ac-a3dc-66e8ab3aaf75-ami-7b89cc11.3
ami-9564c9f6	ubuntu/images/hvm-ssd/ubuntu-trusty-14.04-amd64-server-20161109-bb634ce9-ed92-47ac-a3dc-66e8ab3aaf75-ami-b3123fa4.3
ami-046ce667	ubuntu/images/hvm-ssd/ubuntu-trusty-14.04-amd64-server-20170619-bb634ce9-ed92-47ac-a3dc-66e8ab3aaf75-ami-4b133c5d.4
ami-96db40f5	ubuntu/images/hvm-ssd/ubuntu-trusty-14.04-amd64-server-20170803-bb634ce9-ed92-47ac-a3dc-66e8ab3aaf75-ami-5c95ba27.4
ami-b68cded5	ubuntu/images/hvm-ssd/ubuntu-trusty-14.04-amd64-server-20171115.1-bb634ce9-ed92-47ac-a3dc-66e8ab3aaf75-ami-c29e1cb8.4
ami-4b483a37	ubuntu/images/hvm-ssd/ubuntu-trusty-14.04-amd64-server-20180110-bb634ce9-ed92-47ac-a3dc-66e8ab3aaf75-ami-33e4bc49.4
ami-87c5bffb	ubuntu/images/hvm-ssd/ubuntu-trusty-14.04-amd64-server-20180122-bb634ce9-ed92-47ac-a3dc-66e8ab3aaf75-ami-4bc8fe31.4
ami-d64d07aa	ubuntu/images/hvm-ssd/ubuntu-trusty-14.04-amd64-server-20180222.1-bb634ce9-ed92-47ac-a3dc-66e8ab3aaf75-ami-9ac624e7.4
ami-3d142041	ubuntu/images/hvm-ssd/ubuntu-trusty-14.04-amd64-server-20180423-bb634ce9-ed92-47ac-a3dc-66e8ab3aaf75-ami-2cb00453.4
ami-2d340d51	ubuntu/images/hvm-ssd/ubuntu-trusty-14.04-amd64-server-20180522-bb634ce9-ed92-47ac-a3dc-66e8ab3aaf75-ami-9f086de0.4
ami-0e802087068c843cf	ubuntu/images/hvm-ssd/ubuntu-trusty-14.04-amd64-server-20180818-bb634ce9-ed92-47ac-a3dc-66e8ab3aaf75-ami-0c54494f920b19106.4
ami-05f2539de34a6c7d2	ubuntu/images/hvm-ssd/ubuntu-trusty-14.04-amd64-server-20190122.1-bb634ce9-ed92-47ac-a3dc-66e8ab3aaf75-ami-08b8af1c94b41235d.4
ami-0e818b2a0c10c1e3d	ubuntu/images/hvm-ssd/ubuntu-trusty-14.04-amd64-server-20190429-bb634ce9-ed92-47ac-a3dc-66e8ab3aaf75-ami-0bc0814ce7c141032.4
ami-4761cc24	ubuntu/images/hvm-ssd/ubuntu-xenial-16.04-amd64-server-20161115-d83d0782-cb94-46d7-8993-f4ce15d1a484-ami-45b69e52.3
ami-75ac0216	ubuntu/images/hvm-ssd/ubuntu-xenial-16.04-amd64-server-20161214-d83d0782-cb94-46d7-8993-f4ce15d1a484-ami-e13739f6.3
ami-4a299829	ubuntu/images/hvm-ssd/ubuntu-xenial-16.04-amd64-server-20170224-d83d0782-cb94-46d7-8993-f4ce15d1a484-ami-1ac0120c.4
ami-cc64d7af	ubuntu/images/hvm-ssd/ubuntu-xenial-16.04-amd64-server-20170307-d83d0782-cb94-46d7-8993-f4ce15d1a484-ami-2757f631.4
ami-6e74ca0d	ubuntu/images/hvm-ssd/ubuntu-xenial-16.04-amd64-server-20170330-d83d0782-cb94-46d7-8993-f4ce15d1a484-ami-4dd2575b.4
ami-b869e3db	ubuntu/images/hvm-ssd/ubuntu-xenial-16.04-amd64-server-20170619.1-d83d0782-cb94-46d7-8993-f4ce15d1a484-ami-d15a75c7.4
ami-e8da418b	ubuntu/images/hvm-ssd/ubuntu-xenial-16.04-amd64-server-20170803-d83d0782-cb94-46d7-8993-f4ce15d1a484-ami-d14062aa.4
ami-54b3e137	ubuntu/images/hvm-ssd/ubuntu-xenial-16.04-amd64-server-20171121.1-d83d0782-cb94-46d7-8993-f4ce15d1a484-ami-aa2ea6d0.4
ami-daf380a6	ubuntu/images/hvm-ssd/ubuntu-xenial-16.04-amd64-server-20180109-d83d0782-cb94-46d7-8993-f4ce15d1a484-ami-41e0b93b.4
ami-604c371c	ubuntu/images/hvm-ssd/ubuntu-xenial-16.04-amd64-server-20180122-d83d0782-cb94-46d7-8993-f4ce15d1a484-ami-263d0b5c.4
ami-8f4f05f3	ubuntu/images/hvm-ssd/ubuntu-xenial-16.04-amd64-server-20180222-d83d0782-cb94-46d7-8993-f4ce15d1a484-ami-ee4eac93.4
ami-6e2a1e12	ubuntu/images/hvm-ssd/ubuntu-xenial-16.04-amd64-server-20180427-d83d0782-cb94-46d7-8993-f4ce15d1a484-ami-9c56efe3.4
ami-2b350c57	ubuntu/images/hvm-ssd/ubuntu-xenial-16.04-amd64-server-20180522-d83d0782-cb94-46d7-8993-f4ce15d1a484-ami-a4dc46db.4
ami-0b43ebe23177de0b1	ubuntu/images/hvm-ssd/ubuntu-xenial-16.04-amd64-server-20180806-d83d0782-cb94-46d7-8993-f4ce15d1a484-ami-5c150e23.4
ami-004dc87ccb133be6b	ubuntu/images/hvm-ssd/ubuntu-xenial-16.04-amd64-server-20180814-d83d0782-cb94-46d7-8993-f4ce15d1a484-ami-04169656fea786776.4
ami-0156646e919b9c2c7	ubuntu/images/hvm-ssd/ubuntu-xenial-16.04-amd64-server-20190122.1-d83d0782-cb94-46d7-8993-f4ce15d1a484-ami-09677e0a6b14905b0.4
ami-0e22510ff08cbb147	ubuntu/images/hvm-ssd/ubuntu-xenial-16.04-amd64-server-20190212-d83d0782-cb94-46d7-8993-f4ce15d1a484-ami-0565af6e282977273.4
ami-08187eda459bc178b	ubuntu/images/hvm-ssd/ubuntu-xenial-16.04-amd64-server-20190514-d83d0782-cb94-46d7-8993-f4ce15d1a484-ami-07b4156579ea1d7ba.4
ami-074d2ee344595fdb6	ubuntu/images/hvm-ssd/ubuntu-xenial-16.04-amd64-server-20190617-d83d0782-cb94-46d7-8993-f4ce15d1a484-ami-08fb5eb0e3af3d163.4
ami-0dff5e99784353c4a	ubuntu/images/hvm-ssd/ubuntu-xenial-16.04-amd64-server-20190628-d83d0782-cb94-46d7-8993-f4ce15d1a484-ami-0cfee17793b08a293.4
ami-0e9458776a82df380	ubuntu/images/hvm-ssd/ubuntu-xenial-16.04-amd64-server-20191113-d83d0782-cb94-46d7-8993-f4ce15d1a484-ami-02fb1c72d81ced91a.4
ami-0a9f1ccbf02d61549	ubuntu/images/hvm-ssd/ubuntu-xenial-16.04-amd64-server-20200729-d83d0782-cb94-46d7-8993-f4ce15d1a484-ami-05e16100b6f337dda.4
ami-0766632095e63bea4	ubuntu/images/hvm-ssd/ubuntu-xenial-16.04-amd64-server-20210119-d83d0782-cb94-46d7-8993-f4ce15d1a484
ami-00f09ac671e105f5e	ubuntu/images/hvm-ssd/ubuntu-xenial-16.04-amd64-server-20210203-d83d0782-cb94-46d7-8993-f4ce15d1a484
ami-0f6523c63e714ed88	ubuntu/images/hvm-ssd/ubuntu-xenial-16.04-amd64-server-20210224-d83d0782-cb94-46d7-8993-f4ce15d1a484
ami-96d17ff5	ubuntu/images/hvm/ubuntu-trusty-14.04-amd64-server-20161213-bb634ce9-ed92-47ac-a3dc-66e8ab3aaf75-ami-31c1ce26.3
ami-c22796a1	ubuntu/images/hvm/ubuntu-trusty-14.04-amd64-server-20170222-bb634ce9-ed92-47ac-a3dc-66e8ab3aaf75-ami-332ffe25.4
ami-ed6ad98e	ubuntu/images/hvm/ubuntu-trusty-14.04-amd64-server-20170307-bb634ce9-ed92-47ac-a3dc-66e8ab3aaf75-ami-9dde7f8b.4
ami-6f74ca0c	ubuntu/images/hvm/ubuntu-trusty-14.04-amd64-server-20170405-bb634ce9-ed92-47ac-a3dc-66e8ab3aaf75-ami-a327a4b5.4
ami-01f6eed3c206cfb31	ubuntu/images-testing/hvm-ssd/ubuntu-trusty-daily-amd64-server-2019-bb634ce9-ed92-47ac-a3dc-66e8ab3aaf75-ami-0aff53e0fecbea778.4
